0, 0, 0, 0, 0, 0, 0, 40, 112, 115, 120, 127, 130, 122, 118, 117, 121, 128, 136, 141, 143, 144, 146, 154, 155, 156, 157, 159, 161, 162, 162, 162, 162, 163, 164, 164, 165, 167, 167, 167, 167, 166, 166, 165, 164, 165, 167, 168, 169, 169, 170, 169, 169, 169, 169, 169, 169, 168, 165, 162, 158, 156, 156, 157, 154, 156, 159, 162, 164, 169, 172, 175, 176, 178, 172, 170, 168, 166, 164, 164, 166, 169, 172, 173, 172, 170, 166, 163, 161, 161, 160, 159, 156, 153, 150, 147, 146, 144, 142, 139, 136, 132, 128, 125, 123, 118, 114, 109, 105, 100, 92, 85, 81, 80, 82, 82, 82, 82, 81, 81, 81, 81, 82, 83, 82, 80, 77, 75, 66, 55, 44, 37, 36, 39, 41, 42, 41, 43, 45, 47, 49, 49, 51, 53, 54, 55, 57, 57, 58, 58, 58, 59, 59, 60, 61, 62, 64, 64, 64, 64, 66, 67, 68, 69, 71, 73, 71, 69, 69, 70, 69, 68, 67, 68, 71, 74, 75, 75, 77, 78, 79, 79, 78, 76, 75, 73, 72, 70, 72, 74, 75, 76, 75, 76, 77, 80, 82, 84, 85, 85, 84, 84, 83, 83, 84, 86, 87, 88, 89, 91, 93, 95, 98, 101, 103, 104, 105, 106, 108, 108, 108, 110, 112, 115, 118, 119, 119, 119, 120, 122, 121, 120, 117, 117, 123, 126, 128, 127, 119, 117, 116, 113, 110, 107, 105, 106, 108, 110, 118, 124, 128, 130, 126, 123, 120, 118, 117, 114, 106, 98, 98, 100, 102, 104, 105, 105, 101, 98, 96, 95, 91, 80, 44, 0, 0, 0, 0, 0, 0, 0, 0, 0, 0, 0, 0, 0, 0, 0, zero
0, 0, 0, 0, 0, 0, 45, 120, 124, 126, 124, 119, 114, 110, 109, 110, 112, 114, 116, 118, 119, 121, 124, 126, 129, 129, 129, 130, 129, 128, 126, 124, 123, 124, 124, 124, 119, 124, 132, 139, 143, 145, 146, 148, 151, 155, 158, 160, 162, 163, 163, 163, 163, 164, 165, 166, 167, 168, 169, 170, 172, 171, 171, 170, 169, 170, 170, 171, 171, 171, 171, 171, 172, 172, 173, 174, 175, 176, 177, 176, 175, 174, 173, 172, 172, 171, 170, 168, 165, 170, 173, 172, 171, 172, 172, 171, 171, 171, 171, 171, 170, 169, 170, 171, 172, 171, 170, 169, 166, 163, 162, 162, 162, 161, 160, 159, 158, 157, 156, 153, 150, 146, 144, 144, 141, 136, 134, 133, 131, 127, 122, 118, 118, 104, 85, 64, 50, 46, 45, 47, 47, 45, 46, 50, 50, 51, 53, 54, 57, 56, 56, 56, 53, 57, 59, 58, 60, 60, 61, 62, 62, 63, 63, 63, 66, 67, 68, 69, 71, 72, 74, 75, 76, 76, 76, 75, 76, 76, 76, 77, 77, 78, 78, 77, 79, 82, 83, 82, 83, 82, 82, 83, 82, 81, 81, 81, 81, 81, 81, 82, 83, 83, 83, 84, 86, 86, 88, 90, 90, 91, 91, 91, 91, 91, 91, 92, 92, 95, 96, 96, 98, 99, 100, 101, 102, 103, 103, 104, 101, 102, 103, 104, 106, 108, 110, 111, 112, 113, 112, 110, 113, 114, 116, 117, 117, 117, 117, 118, 120, 114, 109, 107, 104, 102, 101, 102, 105, 109, 113, 117, 118, 116, 114, 114, 113, 108, 102, 96, 94, 96, 96, 95, 97, 91, 55, 0, 0, 0, 0, 0, 0, 0, 0, 0, 0, 0, 0, 0, zero
0, 0, 0, 0, 0, 67, 117, 120, 119, 122, 125, 127, 119, 114, 112, 109, 109, 112, 114, 116, 116, 115, 117, 127, 128, 130, 131, 133, 133, 132, 129, 125, 124, 126, 130, 128, 129, 131, 136, 139, 141, 142, 144, 147, 150, 152, 154, 157, 159, 161, 162, 163, 165, 166, 167, 167, 167, 169, 171, 172, 173, 174, 172, 172, 172, 171, 171, 172, 171, 170, 169, 169, 169, 170, 173, 176, 176, 174, 174, 175, 175, 176, 175, 175, 175, 175, 175, 176, 176, 176, 175, 174, 173, 172, 170, 168, 166, 165, 170, 171, 170, 170, 169, 168, 167, 167, 167, 167, 166, 163, 161, 161, 160, 159, 159, 159, 159, 159, 158, 156, 152, 150, 147, 146, 145, 144, 143, 140, 137, 133, 131, 128, 121, 122, 118, 106, 83, 65, 54, 49, 47, 50, 51, 50, 50, 50, 51, 53, 54, 54, 54, 53, 58, 60, 60, 60, 60, 61, 61, 61, 59, 59, 59, 61, 62, 63, 65, 67, 69, 70, 70, 71, 71, 73, 75, 76, 76, 76, 76, 76, 77, 77, 77, 77, 78, 79, 80, 81, 82, 82, 83, 82, 81, 80, 79, 79, 79, 79, 80, 81, 81, 82, 83, 84, 85, 85, 89, 89, 89, 90, 90, 91, 91, 91, 92, 92, 93, 94, 94, 95, 95, 96, 98, 100, 102, 103, 105, 101, 99, 101, 103, 105, 108, 110, 111, 111, 112, 111, 115, 117, 118, 120, 120, 120, 118, 115, 112, 110, 107, 103, 101, 100, 99, 102, 106, 110, 113, 116, 117, 116, 113, 113, 112, 110, 106, 103, 100, 99, 100, 102, 99, 95, 94, 85, 43, 0, 0, 0, 0, 0, 0, 0, 0, 0, 0, 0, 0, 0, zero
0, 0, 0, 0, 0, 32, 74, 116, 119, 122, 125, 127, 123, 118, 115, 112, 110, 111, 113, 116, 118, 120, 122, 123, 127, 130, 131, 131, 132, 133, 134, 131, 128, 126, 125, 124, 126, 129, 132, 134, 135, 137, 141, 146, 149, 151, 152, 153, 155, 157, 160, 163, 164, 165, 166, 166, 166, 166, 166, 167, 170, 173, 174, 175, 175, 174, 171, 170, 170, 170, 170, 171, 171, 171, 171, 172, 172, 172, 172, 173, 173, 173, 173, 172, 172, 171, 171, 172, 173, 174, 173, 170, 168, 167, 168, 168, 166, 163, 162, 162, 163, 164, 166, 167, 168, 168, 168, 168, 167, 165, 164, 162, 160, 159, 160, 160, 161, 161, 160, 158, 153, 153, 152, 152, 151, 150, 148, 145, 141, 138, 137, 136, 129, 126, 124, 122, 112, 93, 72, 53, 43, 46, 49, 49, 50, 52, 54, 56, 56, 54, 53, 52, 55, 57, 57, 59, 60, 61, 61, 61, 60, 59, 58, 58, 59, 61, 63, 64, 64, 65, 66, 68, 70, 71, 73, 75, 76, 76, 75, 75, 74, 74, 76, 76, 77, 78, 79, 79, 80, 81, 83, 83, 81, 79, 76, 76, 77, 77, 78, 79, 80, 81, 83, 84, 85, 87, 88, 89, 89, 90, 90, 91, 92, 93, 93, 94, 94, 94, 94, 94, 94, 95, 96, 98, 100, 102, 103, 102, 102, 105, 107, 108, 108, 107, 107, 108, 110, 112, 112, 112, 114, 117, 118, 117, 115, 112, 110, 108, 105, 98, 98, 99, 102, 105, 109, 112, 114, 115, 114, 114, 114, 114, 112, 110, 107, 105, 103, 102, 101, 101, 100, 99, 95, 94, 49, 0, 0, 0, 0, 0, 0, 0, 0, 0, 0, 0, 0, 0, zero
0, 0, 0, 0, 0, 0, 0, 29, 112, 113, 119, 120, 114, 110, 110, 112, 113, 112, 114, 118, 121, 119, 121, 124, 127, 129, 132, 132, 130, 127, 124, 121, 119, 121, 125, 126, 124, 120, 115, 119, 125, 133, 141, 142, 144, 146, 149, 152, 153, 155, 156, 157, 160, 161, 161, 161, 161, 162, 162, 161, 163, 162, 164, 166, 166, 167, 167, 167, 168, 168, 169, 169, 169, 164, 164, 165, 167, 169, 170, 171, 171, 172, 173, 168, 165, 166, 167, 166, 165, 163, 160, 158, 156, 155, 157, 156, 156, 157, 158, 162, 166, 169, 170, 170, 171, 171, 169, 167, 165, 163, 162, 161, 161, 161, 161, 160, 159, 158, 158, 157, 155, 155, 154, 153, 152, 148, 146, 143, 139, 136, 133, 130, 127, 123, 120, 110, 91, 62, 46, 44, 47, 48, 51, 52, 52, 52, 55, 54, 54, 53, 52, 51, 50, 50, 49, 48, 53, 57, 58, 60, 61, 61, 62, 64, 65, 65, 66, 67, 69, 71, 72, 72, 70, 70, 71, 72, 74, 75, 75, 75, 75, 75, 77, 79, 80, 83, 85, 86, 86, 84, 82, 80, 79, 78, 79, 81, 83, 84, 82, 83, 83, 83, 84, 85, 87, 88, 89, 89, 89, 90, 91, 92, 92, 92, 92, 93, 94, 94, 94, 96, 97, 98, 99, 100, 101, 100, 100, 99, 99, 101, 103, 106, 109, 110, 111, 112, 111, 112, 113, 113, 112, 114, 116, 118, 120, 121, 121, 121, 120, 120, 121, 119, 113, 106, 100, 97, 96, 97, 100, 101, 105, 110, 110, 113, 115, 114, 107, 95, 90, 90, 95, 91, 91, 87, 68, 7, 0, 0, 0, 0, 0, 0, 0, 0, 0, 0, 0, 0, zero
0, 0, 0, 0, 0, 15, 74, 132, 144, 152, 152, 151, 153, 154, 155, 156, 157, 158, 158, 159, 158, 157, 159, 161, 162, 161, 160, 159, 159, 160, 158, 158, 158, 159, 159, 159, 157, 155, 154, 156, 158, 157, 155, 153, 153, 154, 156, 158, 159, 165, 164, 163, 162, 162, 161, 160, 160, 160, 158, 159, 157, 150, 144, 138, 108, 68, 42, 45, 71, 95, 98, 113, 121, 118, 119, 127, 128, 127, 129, 132, 133, 133, 131, 130, 130, 130, 130, 131, 132, 134, 137, 137, 136, 133, 128, 126, 125, 124, 124, 123, 123, 122, 120, 118, 117, 118, 115, 112, 110, 108, 107, 105, 103, 100, 94, 86, 80, 77, 73, 66, 63, 56, 41, 24, 15, 18, 45, 65, 77, 90, 98, 99, 101, 103, 106, 109, 110, 110, 108, 105, 104, 103, 100, 97, 94, 91, 88, 85, 81, 78, 74, 70, 66, 62, 57, 53, 47, 43, 38, 32, 28, 22, 19, 17, 16, 16, 16, 16, 16, 16, 16, 16, 17, 18, 19, 19, 19, 19, 18, 17, 16, 16, 16, 16, 16, 16, 17, 17, 18, 20, 20, 20, 20, 21, 21, 21, 21, 21, 21, 21, 21, 21, 21, 21, 23, 28, 31, 36, 42, 48, 58, 67, 74, 81, 86, 90, 93, 92, 91, 89, 88, 88, 88, 90, 92, 93, 95, 96, 97, 100, 103, 106, 108, 108, 109, 110, 111, 113, 114, 115, 116, 117, 117, 119, 119, 120, 120, 121, 121, 120, 120, 121, 121, 121, 119, 119, 119, 119, 118, 119, 118, 119, 119, 119, 118, 115, 113, 107, 24, 0, 0, 0, 0, 0, 0, 0, 0, 0, 0, 0, 0, 0, 0, 0, 0, 0, 0, 0, um
0, 0, 0, 0, 0, 0, 0, 0, 0, 0, 50, 121, 159, 155, 154, 154, 148, 151, 151, 151, 152, 153, 155, 157, 158, 159, 159, 159, 158, 158, 159, 160, 161, 162, 162, 162, 164, 164, 164, 162, 159, 157, 157, 158, 158, 160, 160, 159, 158, 157, 156, 156, 156, 155, 154, 153, 153, 155, 158, 161, 162, 161, 160, 161, 158, 157, 159, 157, 154, 154, 151, 139, 126, 85, 51, 52, 77, 90, 103, 114, 110, 114, 122, 123, 125, 127, 129, 131, 134, 136, 136, 135, 133, 130, 130, 132, 134, 135, 136, 136, 137, 134, 131, 130, 130, 130, 129, 127, 126, 124, 123, 122, 122, 122, 121, 119, 115, 112, 109, 107, 104, 99, 94, 88, 79, 72, 67, 59, 50, 35, 19, 17, 24, 52, 68, 81, 89, 95, 101, 105, 105, 107, 109, 109, 108, 106, 106, 103, 99, 95, 93, 90, 87, 84, 82, 78, 75, 71, 67, 62, 58, 52, 47, 43, 37, 32, 27, 23, 19, 17, 16, 16, 16, 16, 17, 17, 17, 16, 16, 16, 17, 17, 16, 16, 17, 18, 18, 18, 18, 19, 19, 19, 17, 17, 17, 17, 18, 18, 18, 18, 18, 19, 19, 20, 21, 22, 23, 24, 25, 26, 27, 28, 32, 38, 48, 59, 68, 76, 79, 82, 85, 89, 92, 93, 93, 90, 88, 89, 89, 88, 89, 91, 92, 95, 97, 98, 100, 105, 109, 109, 110, 110, 111, 112, 113, 114, 115, 116, 117, 117, 119, 119, 119, 120, 120, 120, 120, 120, 120, 118, 117, 117, 117, 117, 117, 119, 118, 116, 106, 62, 0, 0, 0, 0, 0, 0, 0, 0, 0, 0, 0, 0, 0, 0, 0, 0, 0, 0, um
0, 0, 0, 0, 0, 0, 0, 0, 0, 0, 0, 77, 156, 150, 154, 157, 150, 151, 152, 152, 153, 154, 155, 156, 157, 158, 157, 156, 157, 159, 161, 163, 162, 161, 161, 160, 161, 162, 162, 160, 158, 156, 156, 157, 158, 160, 159, 159, 158, 157, 156, 155, 156, 154, 156, 156, 157, 158, 160, 161, 162, 160, 158, 160, 163, 160, 154, 155, 166, 154, 139, 139, 118, 68, 31, 61, 93, 91, 102, 112, 114, 114, 121, 123, 124, 126, 129, 131, 133, 134, 134, 134, 132, 132, 132, 132, 134, 135, 138, 140, 136, 133, 132, 129, 128, 128, 128, 128, 127, 127, 125, 121, 118, 119, 121, 122, 119, 114, 110, 108, 104, 98, 92, 86, 79, 72, 66, 62, 60, 26, 18, 19, 33, 52, 69, 81, 85, 97, 101, 105, 108, 111, 112, 110, 109, 107, 103, 99, 97, 94, 92, 90, 87, 83, 80, 79, 76, 71, 65, 60, 56, 52, 47, 42, 37, 30, 27, 23, 20, 18, 16, 15, 15, 16, 17, 17, 17, 18, 18, 18, 19, 19, 20, 18, 17, 18, 18, 18, 18, 19, 20, 19, 19, 19, 19, 19, 19, 19, 19, 19, 19, 19, 19, 19, 21, 22, 23, 23, 23, 23, 24, 28, 32, 39, 52, 64, 70, 72, 74, 76, 86, 92, 96, 96, 91, 86, 88, 92, 88, 88, 90, 93, 95, 96, 95, 97, 99, 102, 107, 110, 111, 110, 111, 112, 113, 115, 115, 116, 117, 116, 116, 117, 116, 117, 118, 119, 120, 119, 119, 120, 119, 118, 118, 119, 117, 118, 120, 120, 114, 99, 59, 0, 0, 0, 0, 0, 0, 0, 0, 0, 0, 0, 0, 0, 0, 0, 0, 0, um
0, 0, 0, 0, 0, 0, 0, 0, 0, 0, 95, 157, 146, 149, 161, 156, 150, 150, 151, 152, 153, 154, 154, 156, 157, 157, 157, 156, 156, 155, 156, 158, 159, 160, 160, 160, 164, 162, 160, 157, 155, 155, 155, 157, 158, 158, 157, 155, 155, 154, 155, 155, 154, 152, 153, 154, 155, 155, 157, 161, 164, 166, 166, 167, 166, 159, 156, 162, 162, 155, 145, 137, 123, 70, 42, 58, 86, 96, 97, 108, 122, 110, 120, 121, 122, 124, 126, 129, 132, 135, 137, 135, 133, 133, 133, 133, 134, 135, 137, 138, 137, 135, 133, 130, 129, 129, 129, 128, 127, 125, 123, 121, 119, 118, 118, 117, 116, 114, 111, 103, 100, 98, 94, 90, 85, 76, 66, 60, 51, 34, 18, 19, 28, 51, 63, 76, 84, 90, 97, 100, 104, 107, 107, 106, 106, 107, 107, 104, 100, 96, 91, 88, 85, 82, 79, 77, 74, 70, 65, 60, 55, 51, 48, 43, 38, 32, 28, 24, 19, 17, 17, 17, 17, 17, 17, 18, 18, 18, 18, 17, 17, 17, 16, 17, 16, 16, 17, 18, 18, 18, 18, 18, 18, 19, 20, 21, 21, 21, 22, 21, 21, 21, 22, 22, 22, 22, 23, 24, 25, 27, 28, 29, 35, 46, 61, 69, 73, 74, 77, 84, 89, 85, 92, 94, 91, 86, 84, 86, 89, 88, 89, 91, 95, 97, 98, 99, 102, 107, 112, 111, 110, 111, 112, 113, 115, 116, 116, 117, 118, 119, 119, 119, 119, 119, 118, 118, 118, 117, 118, 118, 118, 118, 118, 117, 118, 117, 117, 115, 113, 55, 0, 0, 0, 0, 0, 0, 0, 0, 0, 0, 0, 0, 0, 0, 0, 0, 0, 0, um
0, 0, 0, 0, 0, 0, 0, 0, 0, 0, 0, 77, 155, 148, 153, 158, 151, 150, 150, 150, 150, 151, 153, 155, 155, 156, 157, 157, 158, 158, 156, 156, 156, 158, 160, 161, 161, 162, 162, 160, 158, 156, 156, 156, 157, 155, 155, 155, 155, 155, 154, 153, 153, 154, 155, 155, 156, 158, 160, 162, 163, 162, 161, 163, 165, 164, 160, 159, 166, 159, 148, 142, 125, 90, 56, 50, 76, 88, 95, 105, 113, 116, 124, 125, 126, 126, 128, 131, 134, 136, 138, 134, 133, 132, 132, 132, 133, 134, 136, 136, 139, 138, 135, 132, 131, 130, 130, 129, 128, 125, 123, 121, 120, 119, 119, 117, 115, 113, 111, 107, 103, 98, 92, 86, 79, 72, 66, 61, 56, 31, 17, 15, 28, 50, 68, 78, 83, 92, 95, 98, 102, 105, 106, 106, 106, 105, 102, 99, 97, 94, 92, 89, 85, 81, 78, 77, 75, 72, 67, 62, 56, 51, 45, 39, 35, 28, 25, 22, 20, 19, 18, 18, 18, 18, 19, 19, 18, 17, 17, 17, 16, 16, 16, 15, 16, 17, 18, 19, 18, 20, 20, 19, 20, 20, 20, 21, 22, 22, 23, 24, 23, 23, 22, 22, 22, 22, 24, 25, 26, 27, 28, 31, 40, 53, 65, 71, 72, 73, 80, 88, 90, 90, 88, 87, 89, 91, 93, 89, 83, 88, 92, 92, 92, 94, 96, 101, 103, 105, 104, 105, 108, 110, 111, 113, 114, 115, 116, 118, 119, 119, 119, 118, 117, 117, 117, 116, 116, 119, 118, 118, 117, 116, 116, 115, 115, 115, 110, 114, 109, 58, 0, 0, 0, 0, 0, 0, 0, 0, 0, 0, 0, 0, 0, 0, 0, 0, 0, 0, um
0, 0, 138, 184, 187, 186, 182, 177, 173, 170, 167, 173, 182, 188, 191, 192, 191, 190, 191, 194, 193, 190, 189, 187, 187, 187, 188, 189, 189, 188, 189, 188, 189, 191, 191, 192, 191, 189, 186, 185, 184, 184, 181, 180, 178, 171, 165, 157, 151, 145, 134, 118, 98, 81, 101, 105, 109, 112, 113, 111, 109, 113, 119, 123, 122, 126, 131, 135, 141, 154, 170, 178, 173, 177, 163, 152, 156, 154, 149, 153, 157, 155, 156, 157, 158, 158, 157, 157, 156, 156, 157, 157, 156, 157, 159, 158, 154, 151, 149, 148, 146, 145, 144, 146, 148, 151, 154, 173, 175, 176, 178, 181, 183, 185, 185, 184, 177, 178, 179, 183, 183, 181, 181, 185, 189, 192, 195, 197, 199, 197, 198, 201, 205, 206, 202, 196, 192, 192, 191, 188, 188, 189, 189, 189, 188, 185, 179, 175, 174, 178, 182, 181, 182, 183, 181, 181, 183, 185, 182, 179, 174, 176, 178, 180, 180, 178, 174, 169, 164, 161, 156, 150, 148, 148, 152, 156, 159, 158, 152, 144, 137, 136, 133, 127, 125, 126, 129, 127, 119, 116, 122, 133, 142, 144, 142, 149, 152, 155, 161, 166, 166, 160, 154, 152, 154, 154, 149, 145, 146, 152, 156, 154, 147, 143, 139, 131, 128, 129, 133, 129, 118, 114, 131, 139, 147, 151, 148, 141, 132, 124, 118, 113, 106, 98, 94, 94, 95, 95, 94, 97, 102, 104, 103, 100, 98, 95, 90, 83, 75, 28, 0, 0, 0, 0, 0, 0, 0, 0, 0, 0, 0, 0, 0, 0, 0, 0, 0, 0, 0, 0, 0, 0, 0, 0, 0, 0, 0, 0, 0, 0, 0, 0, 0, 0, 0, 0, 0, 0, dois
0, 0, 0, 58, 145, 190, 193, 194, 193, 191, 195, 195, 197, 197, 195, 193, 194, 195, 194, 192, 191, 192, 193, 195, 195, 195, 194, 193, 193, 191, 194, 194, 191, 191, 193, 194, 193, 191, 189, 186, 183, 182, 182, 179, 174, 169, 165, 161, 154, 145, 131, 117, 106, 108, 114, 120, 124, 127, 126, 123, 124, 129, 132, 132, 132, 132, 137, 151, 170, 183, 184, 178, 172, 161, 156, 156, 158, 161, 161, 160, 159, 162, 163, 163, 162, 162, 162, 162, 163, 163, 163, 164, 163, 162, 161, 158, 155, 153, 152, 150, 147, 145, 144, 148, 152, 159, 168, 179, 183, 182, 183, 182, 183, 185, 187, 183, 176, 175, 176, 173, 173, 173, 171, 171, 176, 182, 187, 190, 194, 196, 197, 198, 198, 199, 200, 194, 193, 191, 190, 189, 188, 188, 189, 188, 187, 187, 184, 178, 176, 177, 181, 183, 183, 184, 188, 189, 186, 185, 185, 186, 183, 180, 175, 176, 177, 179, 179, 176, 172, 167, 165, 163, 159, 154, 150, 150, 153, 157, 160, 158, 153, 148, 143, 138, 134, 132, 131, 131, 130, 124, 118, 119, 127, 137, 142, 142, 140, 144, 150, 156, 160, 162, 161, 159, 157, 156, 150, 150, 149, 149, 149, 149, 149, 149, 149, 151, 145, 138, 131, 127, 126, 126, 126, 124, 120, 130, 134, 140, 147, 145, 134, 128, 122, 114, 109, 103, 96, 93, 92, 92, 94, 97, 99, 101, 100, 98, 101, 106, 105, 102, 93, 87, 81, 50, 0, 0, 0, 0, 0, 0, 0, 0, 0, 0, 0, 0, 0, 0, 0, 0, 0, 0, 0, 0, 0, 0, 0, 0, 0, 0, 0, 0, 0, 0, 0, 0, 0, 0, dois
0, 0, 0, 0, 110, 187, 191, 195, 195, 192, 189, 191, 194, 193, 194, 195, 195, 195, 195, 194, 192, 190, 190, 194, 195, 195, 194, 193, 193, 193, 194, 193, 191, 191, 193, 193, 192, 190, 187, 185, 182, 181, 180, 178, 174, 171, 166, 161, 157, 152, 145, 131, 114, 103, 102, 112, 122, 126, 128, 124, 122, 125, 128, 129, 128, 131, 137, 151, 163, 176, 183, 181, 172, 162, 156, 154, 158, 157, 157, 156, 157, 158, 159, 160, 160, 160, 160, 160, 160, 162, 161, 162, 161, 159, 157, 156, 155, 153, 151, 149, 148, 147, 148, 148, 148, 154, 165, 176, 182, 184, 181, 183, 186, 188, 187, 185, 182, 179, 177, 175, 170, 173, 174, 176, 177, 180, 186, 192, 197, 198, 196, 196, 197, 199, 198, 194, 190, 190, 190, 188, 187, 187, 189, 189, 186, 185, 182, 180, 179, 180, 181, 184, 186, 187, 187, 190, 189, 187, 186, 185, 182, 179, 176, 175, 177, 177, 178, 176, 173, 169, 165, 161, 158, 154, 151, 149, 151, 156, 159, 157, 155, 149, 143, 137, 132, 131, 132, 133, 131, 127, 121, 122, 130, 141, 148, 146, 142, 142, 149, 156, 159, 159, 157, 155, 155, 153, 149, 146, 146, 145, 140, 140, 147, 152, 151, 146, 140, 135, 127, 122, 121, 124, 126, 128, 133, 139, 144, 147, 148, 142, 131, 118, 110, 106, 105, 101, 94, 89, 88, 91, 97, 104, 108, 104, 100, 95, 93, 98, 104, 106, 101, 90, 76, 62, 0, 0, 0, 0, 0, 0, 0, 0, 0, 0, 0, 0, 0, 0, 0, 0, 0, 0, 0, 0, 0, 0, 0, 0, 0, 0, 0, 0, 0, 0, 0, 0, 0, 0, dois
145, 150, 155, 157, 158, 160, 161, 163, 164, 168, 171, 176, 178, 178, 177, 175, 176, 175, 174, 173, 177, 181, 183, 185, 188, 190, 190, 190, 190, 190, 191, 192, 193, 195, 196, 196, 197, 198, 198, 197, 197, 198, 198, 198, 198, 196, 194, 192, 190, 187, 183, 175, 164, 149, 131, 112, 100, 74, 59, 52, 58, 73, 88, 94, 99, 106, 113, 111, 109, 115, 123, 125, 124, 123, 124, 127, 132, 139, 145, 145, 138, 128, 124, 123, 126, 128, 129, 130, 130, 130, 131, 133, 134, 134, 134, 135, 135, 136, 136, 136, 137, 137, 136, 132, 133, 133, 133, 133, 137, 145, 154, 161, 169, 172, 175, 178, 179, 179, 181, 186, 193, 191, 193, 196, 198, 198, 195, 190, 186, 183, 181, 178, 176, 175, 174, 174, 173, 173, 172, 174, 175, 176, 177, 177, 178, 178, 176, 175, 172, 170, 172, 172, 168, 164, 163, 162, 161, 161, 160, 155, 152, 156, 160, 163, 161, 157, 154, 155, 155, 153, 152, 150, 147, 146, 146, 147, 146, 143, 139, 139, 138, 138, 136, 132, 129, 129, 125, 120, 122, 128, 136, 143, 144, 145, 144, 144, 141, 136, 137, 148, 160, 161, 158, 157, 158, 162, 165, 163, 159, 154, 148, 144, 133, 123, 125, 129, 136, 143, 149, 155, 161, 159, 145, 136, 124, 113, 107, 101, 96, 91, 89, 93, 95, 96, 97, 97, 97, 98, 100, 101, 92, 97, 102, 104, 103, 99, 91, 79, 67, 12, 0, 0, 0, 0, 0, 0, 0, 0, 0, 0, 0, 0, 0, 0, 0, 0, 0, 0, 0, 0, 0, 0, 0, 0, 0, 0, 0, 0, 0, 0, 0, 0, 0, 0, 0, 0, 0, 0, dois
0, 119, 149, 158, 163, 163, 162, 166, 162, 164, 167, 170, 173, 174, 175, 175, 175, 177, 177, 179, 182, 185, 187, 186, 187, 189, 193, 193, 193, 193, 194, 195, 197, 198, 199, 199, 199, 200, 200, 200, 200, 199, 199, 199, 198, 196, 193, 192, 191, 190, 186, 180, 174, 167, 156, 142, 126, 107, 85, 66, 58, 59, 71, 86, 97, 106, 108, 108, 112, 116, 116, 119, 124, 129, 133, 135, 134, 133, 134, 136, 137, 135, 133, 129, 126, 126, 128, 129, 129, 130, 133, 132, 132, 133, 133, 133, 134, 134, 134, 135, 135, 135, 135, 134, 134, 135, 136, 137, 140, 150, 160, 167, 172, 176, 180, 183, 184, 182, 187, 191, 194, 194, 194, 194, 194, 193, 188, 187, 183, 180, 177, 176, 175, 174, 175, 173, 173, 173, 172, 174, 175, 175, 175, 176, 173, 174, 173, 173, 172, 172, 173, 172, 170, 161, 160, 159, 159, 157, 153, 150, 150, 154, 158, 159, 158, 156, 154, 152, 151, 152, 153, 148, 148, 148, 148, 146, 144, 142, 141, 140, 137, 136, 135, 132, 128, 122, 120, 122, 126, 135, 140, 143, 145, 144, 142, 140, 139, 140, 146, 152, 154, 154, 153, 158, 166, 166, 159, 156, 153, 144, 137, 133, 131, 130, 133, 138, 144, 151, 159, 163, 156, 143, 130, 119, 112, 104, 96, 95, 92, 93, 95, 97, 96, 95, 96, 103, 101, 98, 100, 102, 105, 106, 105, 102, 94, 86, 80, 17, 0, 0, 0, 0, 0, 0, 0, 0, 0, 0, 0, 0, 0, 0, 0, 0, 0, 0, 0, 0, 0, 0, 0, 0, 0, 0, 0, 0, 0, 0, 0, 0, 0, 0, 0, 0, 0, 0, 0, 0, dois
0, 0, 0, 0, 0, 0, 0, 0, 0, 0, 0, 0, 0, 0, 0, 0, 0, 0, 0, 0, 0, 0, 0, 0, 0, 0, 0, 0, 0, 0, 0, 0, 0, 0, 0, 0, 0, 0, 0, 0, 0, 0, 0, 0, 0, 0, 0, 0, 0, 0, 0, 0, 0, 0, 0, 0, 0, 0, 0, 0, 0, 0, 0, 0, 0, 0, 0, 0, 0, 0, 0, 0, 0, 0, 0, 0, 0, 0, 0, 0, 0, 0, 0, 0, 0, 0, 0, 0, 0, 0, 0, 0, 0, 0, 0, 0, 0, 0, 0, 85, 134, 137, 129, 130, 139, 142, 149, 155, 164, 169, 170, 172, 172, 170, 167, 164, 163, 159, 154, 150, 144, 138, 132, 108, 69, 39, 22, 17, 14, 13, 13, 14, 15, 18, 20, 22, 24, 37, 68, 76, 73, 74, 86, 100, 114, 127, 143, 145, 144, 141, 136, 129, 129, 142, 156, 161, 159, 161, 162, 159, 152, 146, 142, 138, 131, 122, 114, 94, 90, 113, 144, 168, 181, 201, 189, 186, 188, 184, 182, 181, 182, 187, 190, 189, 191, 192, 188, 189, 187, 187, 186, 187, 188, 188, 189, 189, 187, 186, 187, 187, 184, 183, 177, 171, 166, 164, 160, 142, 125, 116, 108, 104, 108, 96, 77, 95, 149, 171, 169, 176, 177, 181, 184, 185, 183, 182, 180, 184, 190, 192, 191, 190, 191, 190, 188, 187, 187, 187, 185, 182, 181, 184, 180, 178, 178, 173, 166, 166, 166, 161, 155, 146, 141, 131, 119, 108, 101, 96, 92, 88, 80, 71, 3, 0, 0, 0, 0, 0, 0, 0, 0, 0, 0, 0, 0, 0, 0, 0, 0, 0, 0, 0, 0, 0, 0, 0, 0, 0, tres
0, 0, 0, 0, 0, 0, 0, 0, 0, 0, 0, 0, 0, 0, 0, 0, 0, 0, 0, 0, 0, 0, 0, 0, 0, 0, 0, 0, 0, 0, 0, 0, 0, 0, 0, 0, 0, 0, 0, 0, 0, 0, 0, 0, 0, 0, 0, 0, 0, 0, 0, 0, 0, 0, 0, 0, 0, 0, 0, 0, 0, 0, 0, 0, 0, 0, 0, 0, 0, 0, 0, 0, 0, 0, 0, 0, 0, 0, 0, 0, 0, 0, 0, 0, 0, 0, 0, 0, 0, 0, 0, 0, 0, 0, 0, 95, 117, 133, 143, 147, 149, 152, 154, 156, 159, 161, 163, 167, 171, 171, 171, 170, 167, 163, 158, 156, 154, 150, 149, 147, 142, 134, 124, 111, 91, 63, 34, 19, 15, 14, 15, 16, 18, 18, 20, 22, 26, 47, 62, 68, 77, 81, 91, 104, 119, 133, 139, 143, 143, 139, 130, 132, 137, 147, 156, 162, 164, 164, 162, 159, 154, 148, 140, 133, 128, 124, 113, 101, 105, 123, 142, 164, 181, 192, 191, 187, 186, 184, 185, 186, 190, 191, 191, 192, 191, 192, 195, 196, 194, 190, 186, 184, 185, 185, 186, 186, 187, 187, 186, 186, 186, 184, 181, 177, 174, 169, 166, 159, 153, 146, 132, 118, 105, 67, 11, 0, 0, 16, 98, 153, 166, 171, 173, 176, 177, 178, 181, 184, 184, 183, 184, 185, 190, 192, 191, 192, 191, 189, 188, 188, 188, 187, 185, 184, 183, 182, 183, 183, 180, 176, 172, 168, 167, 163, 157, 148, 138, 127, 117, 109, 97, 91, 84, 77, 32, 0, 0, 0, 0, 0, 0, 0, 0, 0, 0, 0, 0, 0, 0, 0, 0, 0, 0, 0, 0, 0, 0, 0, tres
0, 0, 0, 0, 0, 0, 0, 0, 0, 0, 0, 0, 0, 0, 0, 0, 0, 0, 0, 0, 0, 0, 0, 0, 0, 0, 0, 0, 0, 0, 0, 0, 0, 0, 0, 0, 0, 0, 0, 0, 0, 0, 0, 0, 0, 0, 0, 0, 0, 0, 0, 0, 0, 0, 0, 0, 0, 0, 0, 0, 0, 0, 0, 0, 0, 0, 0, 0, 0, 0, 0, 0, 0, 0, 0, 0, 0, 0, 0, 0, 0, 0, 0, 0, 0, 0, 0, 0, 0, 37, 98, 103, 102, 113, 135, 144, 146, 154, 152, 144, 149, 149, 155, 159, 159, 162, 168, 170, 167, 164, 163, 163, 162, 159, 153, 148, 145, 146, 144, 140, 136, 130, 117, 89, 45, 21, 18, 15, 13, 14, 14, 15, 17, 18, 21, 24, 43, 65, 66, 67, 70, 85, 95, 107, 123, 136, 139, 140, 137, 134, 129, 127, 131, 144, 156, 157, 158, 161, 163, 162, 158, 154, 144, 145, 140, 130, 124, 114, 99, 90, 94, 112, 135, 156, 174, 189, 196, 194, 194, 193, 186, 182, 184, 183, 184, 184, 180, 175, 176, 179, 176, 177, 177, 177, 176, 176, 174, 170, 168, 166, 164, 162, 162, 162, 158, 152, 147, 145, 145, 140, 122, 38, 0, 0, 0, 0, 0, 0, 0, 0, 49, 131, 160, 165, 173, 179, 177, 179, 183, 186, 182, 180, 181, 178, 177, 181, 188, 188, 186, 187, 188, 189, 188, 185, 183, 182, 182, 180, 180, 182, 185, 187, 180, 175, 170, 161, 161, 162, 155, 143, 133, 120, 107, 97, 86, 77, 67, 8, 0, 0, 0, 0, 0, 0, 0, 0, 0, 0, 0, 0, 0, 0, 0, 0, 0, 0, 0, 0, tres
0, 0, 0, 0, 0, 0, 0, 0, 0, 0, 0, 0, 0, 0, 0, 0, 0, 0, 0, 0, 0, 0, 0, 0, 0, 0, 0, 0, 0, 0, 0, 0, 0, 0, 0, 0, 0, 0, 0, 0, 0, 0, 0, 0, 0, 0, 0, 0, 0, 0, 0, 0, 0, 0, 0, 0, 0, 0, 0, 0, 0, 0, 0, 0, 0, 0, 0, 0, 0, 0, 0, 0, 0, 0, 0, 0, 0, 0, 0, 0, 0, 0, 0, 0, 0, 0, 0, 0, 0, 0, 0, 0, 0, 12, 90, 93, 109, 130, 136, 132, 128, 129, 137, 145, 144, 144, 151, 155, 159, 159, 157, 154, 155, 154, 153, 152, 151, 149, 147, 145, 139, 127, 100, 61, 40, 34, 20, 18, 16, 15, 14, 13, 12, 14, 16, 17, 20, 39, 59, 70, 71, 67, 75, 90, 101, 113, 126, 134, 138, 136, 131, 125, 123, 125, 131, 141, 151, 156, 157, 157, 158, 156, 155, 147, 140, 134, 134, 132, 126, 118, 109, 93, 77, 74, 111, 146, 170, 183, 187, 193, 192, 189, 188, 183, 180, 181, 184, 187, 185, 184, 185, 182, 179, 181, 179, 176, 179, 176, 167, 168, 168, 166, 161, 156, 155, 158, 160, 142, 110, 42, 0, 0, 0, 0, 0, 0, 0, 0, 0, 39, 155, 162, 173, 168, 177, 175, 173, 173, 176, 174, 171, 173, 177, 182, 185, 185, 182, 181, 181, 180, 177, 179, 184, 183, 179, 179, 179, 177, 176, 175, 174, 170, 169, 166, 161, 154, 145, 135, 125, 114, 102, 92, 84, 76, 68, 24, 0, 0, 0, 0, 0, 0, 0, 0, 0, 0, 0, 0, 0, 0, 0, 0, 0, 0, 0, 0, 0, 0, tres
0, 0, 0, 0, 0, 0, 0, 0, 0, 0, 0, 0, 0, 0, 0, 0, 0, 0, 0, 0, 0, 0, 0, 0, 0, 0, 0, 0, 0, 0, 0, 0, 0, 0, 0, 0, 0, 0, 0, 0, 0, 0, 0, 0, 0, 0, 0, 0, 0, 0, 0, 0, 0, 0, 0, 0, 0, 0, 0, 0, 0, 0, 0, 0, 0, 0, 0, 0, 0, 0, 0, 0, 0, 0, 0, 0, 0, 0, 0, 0, 0, 0, 0, 0, 0, 0, 0, 0, 0, 0, 0, 0, 0, 3, 59, 90, 99, 119, 125, 120, 119, 122, 129, 135, 139, 143, 149, 155, 160, 160, 160, 156, 153, 150, 150, 150, 151, 150, 148, 145, 143, 134, 102, 56, 38, 33, 19, 15, 15, 14, 14, 15, 14, 14, 17, 17, 18, 29, 60, 68, 73, 68, 73, 85, 95, 103, 115, 127, 136, 135, 129, 123, 121, 119, 122, 131, 140, 146, 146, 149, 152, 153, 152, 149, 144, 141, 139, 137, 132, 132, 128, 115, 97, 67, 48, 69, 104, 135, 155, 172, 186, 192, 186, 183, 185, 187, 190, 190, 186, 186, 183, 179, 181, 179, 179, 180, 179, 177, 171, 169, 169, 168, 167, 164, 163, 148, 112, 61, 0, 0, 0, 0, 0, 0, 0, 0, 0, 0, 0, 0, 160, 164, 165, 169, 174, 172, 171, 172, 172, 172, 172, 175, 180, 182, 182, 181, 182, 179, 178, 173, 172, 177, 176, 176, 178, 177, 177, 177, 175, 172, 168, 167, 165, 162, 157, 150, 142, 131, 118, 106, 97, 88, 79, 72, 69, 40, 2, 0, 0, 0, 0, 0, 0, 0, 0, 0, 0, 0, 0, 0, 0, 0, 0, 0, 0, 0, 0, 0, tres
0, 0, 0, 0, 0, 0, 60, 117, 130, 134, 138, 142, 145, 144, 151, 154, 155, 157, 158, 161, 163, 165, 166, 167, 167, 168, 170, 171, 172, 170, 168, 165, 163, 163, 163, 163, 162, 161, 159, 159, 159, 159, 159, 159, 160, 158, 156, 155, 154, 151, 148, 145, 143, 141, 140, 138, 135, 132, 129, 128, 126, 123, 116, 105, 94, 87, 84, 87, 87, 85, 82, 83, 89, 96, 102, 105, 108, 110, 111, 114, 118, 121, 123, 124, 124, 123, 124, 125, 126, 127, 127, 125, 124, 122, 122, 123, 125, 127, 127, 125, 124, 124, 124, 124, 124, 124, 123, 124, 122, 119, 115, 112, 110, 107, 102, 97, 92, 75, 56, 43, 39, 45, 55, 62, 62, 62, 67, 72, 72, 78, 80, 75, 62, 47, 39, 39, 43, 48, 51, 54, 56, 60, 61, 62, 63, 65, 66, 68, 67, 65, 64, 64, 64, 65, 68, 68, 68, 68, 67, 67, 67, 68, 69, 70, 70, 71, 70, 69, 69, 70, 68, 67, 67, 67, 67, 68, 67, 67, 65, 65, 65, 65, 64, 63, 63, 63, 64, 65, 66, 66, 64, 64, 64, 64, 65, 65, 66, 66, 67, 67, 70, 72, 73, 75, 76, 76, 76, 76, 76, 77, 75, 75, 79, 78, 73, 68, 66, 64, 55, 45, 33, 24, 22, 21, 21, 24, 28, 34, 40, 45, 49, 53, 56, 58, 61, 63, 67, 71, 76, 82, 84, 88, 91, 93, 95, 96, 96, 97, 97, 99, 101, 103, 106, 106, 105, 104, 103, 103, 104, 105, 106, 107, 107, 107, 108, 109, 111, 113, 115, 116, 117, 118, 118, 117, 116, 116, 115, 114, 113, 112, 110, 109, 109, 110, 102, 43, 0, 0, zero
0, 0, 41, 101, 114, 126, 133, 137, 140, 140, 142, 145, 149, 154, 158, 162, 165, 167, 166, 165, 165, 163, 165, 165, 166, 167, 170, 171, 168, 163, 165, 166, 167, 168, 166, 165, 162, 160, 157, 160, 159, 158, 157, 157, 158, 159, 157, 154, 150, 148, 146, 143, 140, 137, 136, 135, 133, 132, 130, 127, 117, 111, 101, 86, 70, 68, 74, 84, 91, 91, 96, 105, 115, 120, 117, 114, 115, 122, 126, 126, 127, 128, 128, 129, 130, 131, 131, 132, 132, 132, 131, 129, 129, 130, 131, 131, 132, 132, 132, 131, 130, 132, 135, 132, 131, 130, 130, 129, 127, 125, 122, 119, 112, 118, 116, 102, 96, 48, 36, 51, 52, 59, 59, 58, 62, 67, 70, 73, 77, 79, 75, 70, 60, 40, 42, 45, 50, 55, 59, 62, 65, 68, 70, 69, 68, 69, 71, 70, 69, 68, 69, 71, 72, 72, 72, 73, 74, 74, 75, 75, 75, 75, 75, 73, 77, 78, 78, 79, 79, 78, 78, 77, 75, 75, 74, 73, 72, 70, 69, 68, 68, 69, 69, 69, 70, 68, 69, 69, 70, 73, 74, 75, 76, 77, 77, 76, 75, 75, 75, 77, 78, 79, 79, 80, 80, 83, 89, 87, 84, 81, 81, 81, 82, 83, 83, 82, 83, 84, 86, 84, 81, 80, 82, 85, 83, 80, 76, 70, 53, 36, 25, 21, 21, 22, 23, 26, 31, 44, 51, 54, 57, 62, 65, 68, 72, 76, 80, 83, 86, 89, 93, 97, 100, 102, 105, 109, 113, 116, 116, 116, 117, 118, 120, 121, 123, 124, 125, 127, 127, 127, 126, 125, 124, 124, 124, 122, 121, 121, 121, 123, 116, 113, 110, 103, 103, 96, 59, 0, zero
0, 0, 0, 10, 84, 101, 104, 105, 98, 95, 99, 109, 118, 121, 123, 129, 138, 144, 147, 151, 151, 151, 151, 153, 156, 159, 162, 167, 169, 170, 169, 168, 167, 165, 164, 166, 168, 170, 172, 174, 173, 172, 171, 171, 172, 172, 173, 171, 169, 166, 164, 162, 160, 158, 157, 156, 156, 156, 157, 156, 154, 152, 150, 149, 147, 144, 142, 140, 138, 137, 136, 135, 134, 132, 130, 126, 116, 102, 87, 79, 78, 83, 89, 91, 93, 99, 106, 111, 113, 114, 115, 118, 122, 127, 121, 120, 122, 124, 126, 127, 128, 128, 128, 128, 127, 128, 127, 126, 127, 125, 126, 126, 126, 127, 127, 128, 130, 130, 127, 127, 132, 127, 104, 78, 59, 73, 77, 78, 84, 88, 86, 75, 55, 40, 35, 40, 50, 56, 59, 60, 62, 64, 66, 67, 66, 65, 65, 64, 64, 66, 68, 70, 72, 74, 75, 75, 73, 72, 72, 73, 73, 74, 74, 76, 77, 79, 80, 82, 83, 84, 83, 82, 80, 78, 76, 74, 71, 68, 67, 66, 69, 71, 71, 71, 70, 70, 71, 72, 73, 73, 73, 75, 77, 78, 80, 82, 82, 81, 80, 79, 78, 77, 79, 79, 79, 79, 80, 81, 83, 85, 87, 87, 87, 87, 88, 89, 91, 92, 93, 93, 93, 92, 92, 87, 87, 96, 102, 102, 100, 98, 99, 99, 99, 98, 102, 103, 99, 86, 60, 37, 22, 21, 27, 32, 38, 40, 43, 46, 48, 49, 47, 45, 43, 44, 45, 47, 50, 51, 56, 63, 71, 80, 88, 93, 97, 99, 104, 109, 110, 113, 116, 120, 123, 124, 126, 127, 127, 129, 129, 126, 124, 119, 109, 83, 10, 0, 0, 0, zero
0, 0, 0, 0, 0, 0, 0, 13, 91, 105, 106, 106, 103, 102, 103, 106, 106, 107, 110, 112, 112, 111, 110, 110, 111, 111, 110, 107, 107, 107, 106, 104, 104, 105, 106, 109, 112, 110, 108, 108, 106, 105, 103, 102, 101, 100, 99, 99, 102, 103, 103, 105, 107, 108, 110, 111, 112, 113, 108, 100, 98, 94, 91, 90, 91, 93, 96, 99, 101, 111, 118, 121, 125, 130, 135, 139, 141, 141, 140, 140, 142, 144, 147, 149, 149, 150, 150, 150, 151, 153, 153, 152, 152, 153, 155, 157, 159, 161, 163, 165, 165, 165, 165, 167, 168, 167, 167, 167, 169, 171, 173, 174, 172, 172, 173, 173, 173, 174, 175, 175, 175, 175, 175, 176, 176, 176, 176, 175, 175, 173, 172, 171, 171, 169, 168, 165, 162, 159, 158, 158, 157, 156, 156, 154, 151, 149, 148, 147, 145, 143, 141, 138, 133, 130, 125, 119, 116, 113, 111, 110, 111, 111, 112, 111, 111, 112, 113, 111, 109, 109, 109, 109, 109, 107, 106, 105, 106, 106, 106, 106, 105, 103, 103, 102, 102, 102, 101, 100, 100, 101, 102, 104, 105, 106, 106, 107, 108, 108, 108, 108, 110, 112, 113, 115, 117, 118, 118, 119, 123, 123, 122, 121, 120, 119, 119, 120, 121, 122, 123, 124, 125, 126, 126, 126, 124, 124, 124, 125, 127, 128, 128, 128, 129, 128, 125, 118, 104, 86, 70, 60, 72, 78, 83, 90, 96, 98, 98, 99, 102, 107, 109, 109, 118, 109, 65, 0, 0, 0, 0, 0, 0, 0, 0, 0, 0, 0, 0, 0, 0, 0, 0, 0, 0, 0, 0, 0, 0, 0, 0, 0, 0, 0, 0, 0, 0, 0, 0, 0, zero
0, 0, 0, 0, 0, 0, 0, 11, 90, 111, 114, 111, 102, 102, 103, 102, 102, 105, 108, 109, 110, 107, 104, 101, 111, 112, 107, 101, 97, 101, 109, 119, 124, 124, 124, 127, 123, 119, 118, 121, 128, 133, 137, 137, 135, 138, 143, 145, 149, 151, 154, 156, 157, 157, 158, 158, 157, 159, 163, 168, 170, 171, 170, 169, 170, 171, 172, 169, 170, 171, 170, 171, 172, 172, 173, 174, 175, 173, 168, 168, 167, 167, 168, 168, 166, 164, 161, 159, 160, 159, 158, 158, 159, 159, 159, 157, 154, 152, 150, 150, 148, 145, 143, 139, 135, 131, 127, 122, 117, 111, 102, 95, 90, 87, 91, 103, 112, 118, 117, 113, 117, 124, 129, 122, 117, 118, 130, 129, 125, 122, 132, 126, 123, 125, 123, 123, 125, 128, 129, 114, 94, 76, 74, 74, 74, 75, 76, 76, 76, 76, 79, 82, 83, 81, 81, 81, 81, 81, 81, 80, 80, 79, 78, 81, 84, 84, 85, 86, 86, 86, 85, 84, 83, 82, 77, 74, 73, 72, 70, 70, 70, 72, 73, 74, 76, 79, 78, 77, 76, 76, 77, 79, 82, 85, 88, 89, 88, 90, 93, 95, 96, 97, 97, 97, 98, 99, 102, 103, 103, 103, 104, 104, 104, 107, 108, 109, 109, 105, 108, 112, 115, 118, 117, 116, 115, 113, 112, 113, 117, 129, 133, 131, 126, 129, 136, 141, 143, 136, 124, 98, 53, 23, 16, 27, 55, 70, 78, 80, 80, 83, 84, 84, 83, 83, 81, 77, 74, 70, 67, 69, 82, 86, 90, 94, 100, 101, 100, 98, 96, 94, 96, 98, 94, 31, 0, 0, 0, 0, 0, 0, 0, 0, 0, 0, 0, 0, 0, 0, zero
0, 0, 0, 0, 0, 0, 0, 0, 0, 0, 0, 0, 0, 0, 0, 70, 153, 158, 165, 171, 165, 168, 170, 167, 162, 158, 158, 160, 152, 152, 152, 153, 153, 155, 157, 158, 157, 160, 164, 164, 164, 168, 172, 174, 176, 180, 183, 186, 188, 188, 188, 188, 189, 193, 194, 195, 197, 199, 199, 200, 200, 199, 199, 199, 199, 199, 201, 202, 203, 197, 194, 194, 191, 185, 181, 174, 162, 148, 126, 89, 38, 52, 102, 127, 136, 143, 150, 154, 158, 158, 158, 158, 161, 165, 168, 166, 164, 162, 163, 164, 163, 162, 163, 167, 168, 166, 163, 161, 161, 162, 164, 166, 163, 156, 157, 167, 165, 161, 166, 169, 169, 167, 165, 162, 160, 159, 158, 162, 170, 175, 176, 174, 170, 167, 162, 156, 150, 140, 122, 93, 38, 16, 39, 73, 83, 89, 92, 93, 95, 99, 99, 96, 97, 98, 96, 94, 91, 87, 85, 83, 79, 75, 75, 76, 77, 77, 77, 76, 77, 78, 75, 73, 75, 80, 85, 86, 85, 90, 93, 96, 101, 106, 107, 107, 104, 100, 98, 97, 94, 91, 87, 85, 86, 85, 85, 90, 86, 87, 75, 61, 44, 12, 13, 13, 15, 15, 16, 17, 17, 19, 26, 34, 45, 56, 64, 71, 78, 84, 89, 93, 95, 98, 100, 101, 104, 108, 110, 110, 110, 109, 109, 108, 109, 109, 110, 112, 111, 111, 111, 113, 115, 115, 115, 115, 115, 115, 116, 116, 115, 115, 114, 115, 117, 118, 118, 119, 121, 122, 123, 123, 123, 123, 123, 123, 122, 120, 119, 118, 121, 123, 118, 111, 108, 107, 98, 81, 42, 0, 0, 0, 0, 0, 0, 0, 0, 0, 0, 0, um
0, 0, 0, 0, 0, 0, 0, 0, 0, 0, 0, 0, 0, 0, 0, 0, 0, 0, 0, 43, 110, 144, 152, 150, 148, 156, 167, 173, 176, 181, 183, 182, 183, 182, 178, 172, 167, 165, 164, 165, 165, 164, 164, 163, 164, 163, 163, 163, 167, 171, 172, 170, 170, 172, 175, 177, 177, 177, 176, 177, 179, 185, 190, 189, 189, 187, 187, 188, 190, 192, 195, 195, 196, 197, 199, 199, 199, 199, 199, 199, 199, 200, 201, 200, 198, 196, 194, 190, 187, 183, 174, 154, 97, 39, 48, 94, 112, 127, 134, 140, 150, 154, 155, 161, 160, 162, 165, 165, 165, 167, 168, 171, 175, 172, 171, 171, 167, 160, 158, 160, 165, 168, 167, 164, 165, 170, 171, 170, 161, 157, 155, 154, 154, 154, 154, 153, 162, 167, 164, 160, 155, 150, 150, 151, 155, 160, 158, 154, 152, 151, 149, 140, 107, 41, 15, 31, 50, 62, 68, 76, 80, 83, 85, 85, 85, 85, 82, 81, 80, 76, 75, 72, 68, 68, 68, 70, 71, 72, 72, 72, 72, 70, 69, 67, 67, 65, 67, 68, 70, 72, 72, 72, 71, 71, 73, 74, 74, 73, 72, 73, 75, 78, 83, 85, 84, 83, 63, 26, 13, 15, 16, 18, 20, 26, 37, 47, 55, 61, 64, 68, 72, 78, 82, 87, 93, 95, 97, 99, 100, 100, 100, 102, 104, 106, 111, 112, 114, 117, 119, 120, 120, 119, 121, 121, 121, 120, 120, 120, 121, 121, 126, 127, 127, 126, 126, 125, 125, 125, 125, 124, 123, 124, 122, 119, 107, 56, 0, 0, 0, 0, 0, 0, 0, 0, 0, 0, 0, 0, 0, 0, 0, 0, 0, 0, 0, 0, 0, 0, um
0, 0, 0, 0, 0, 0, 0, 0, 0, 0, 0, 0, 0, 94, 152, 160, 167, 171, 174, 178, 182, 186, 186, 184, 185, 183, 179, 174, 170, 167, 165, 164, 166, 167, 170, 174, 177, 179, 180, 182, 179, 181, 184, 187, 188, 190, 195, 199, 201, 203, 205, 206, 207, 208, 208, 207, 206, 205, 204, 205, 206, 207, 208, 208, 209, 209, 210, 210, 207, 203, 201, 202, 204, 193, 178, 175, 156, 136, 113, 31, 16, 79, 115, 139, 152, 156, 158, 160, 162, 163, 164, 166, 166, 164, 162, 161, 162, 161, 157, 156, 153, 148, 144, 142, 145, 148, 145, 148, 151, 151, 147, 142, 138, 139, 146, 151, 155, 157, 157, 158, 162, 167, 166, 164, 164, 164, 164, 163, 162, 161, 162, 161, 154, 148, 138, 125, 109, 77, 39, 13, 22, 60, 68, 68, 83, 86, 88, 83, 85, 87, 86, 83, 78, 75, 73, 73, 72, 70, 71, 73, 73, 72, 72, 72, 71, 68, 65, 64, 64, 66, 68, 70, 74, 74, 75, 76, 75, 74, 74, 73, 80, 80, 79, 78, 77, 77, 76, 77, 79, 81, 82, 79, 75, 69, 60, 50, 39, 23, 13, 15, 16, 16, 17, 18, 27, 46, 61, 67, 72, 81, 85, 88, 92, 95, 98, 104, 107, 109, 110, 113, 115, 118, 120, 121, 121, 120, 120, 122, 124, 125, 124, 124, 123, 121, 121, 121, 120, 120, 121, 123, 124, 124, 125, 128, 133, 137, 139, 137, 136, 134, 132, 131, 132, 132, 131, 127, 128, 129, 127, 122, 116, 114, 101, 80, 25, 0, 0, 0, 0, 0, 0, 0, 0, 0, 0, 0, 0, 0, 0, 0, 0, 0, 0, 0, 0, 0, 0, 0, um
0, 0, 0, 0, 0, 0, 0, 0, 0, 0, 0, 0, 0, 0, 0, 0, 0, 0, 0, 0, 89, 122, 121, 120, 128, 147, 161, 166, 169, 170, 172, 174, 175, 176, 177, 177, 177, 177, 178, 178, 179, 181, 181, 182, 182, 183, 185, 187, 188, 189, 189, 189, 191, 193, 195, 196, 197, 196, 197, 199, 202, 201, 198, 197, 198, 199, 201, 202, 200, 200, 201, 201, 199, 197, 196, 194, 190, 183, 181, 175, 162, 152, 139, 119, 83, 25, 13, 72, 109, 134, 149, 152, 156, 159, 161, 162, 165, 165, 165, 164, 162, 163, 165, 163, 156, 148, 142, 141, 141, 141, 141, 142, 144, 146, 143, 134, 126, 124, 125, 131, 138, 142, 144, 147, 148, 143, 144, 147, 151, 154, 155, 155, 154, 159, 158, 153, 149, 147, 143, 132, 119, 102, 89, 29, 12, 48, 90, 94, 103, 104, 106, 108, 110, 109, 108, 108, 107, 105, 103, 101, 98, 96, 95, 93, 92, 93, 94, 97, 99, 99, 100, 102, 105, 102, 102, 106, 108, 108, 107, 106, 107, 110, 111, 108, 106, 106, 105, 102, 98, 96, 96, 94, 92, 90, 90, 91, 91, 92, 91, 84, 81, 75, 69, 42, 11, 12, 13, 14, 16, 18, 21, 30, 46, 59, 67, 70, 75, 77, 76, 80, 85, 90, 94, 95, 98, 96, 93, 92, 95, 98, 101, 101, 100, 101, 101, 99, 96, 93, 90, 89, 90, 92, 94, 97, 100, 103, 104, 105, 106, 108, 111, 113, 116, 118, 114, 107, 104, 106, 111, 114, 113, 112, 114, 118, 111, 105, 76, 0, 0, 0, 0, 0, 0, 0, 0, 0, 0, 0, 0, 0, 0, 0, 0, 0, 0, 0, 0, 0, um
0, 0, 0, 0, 0, 0, 0, 0, 0, 0, 0, 0, 112, 154, 163, 173, 179, 183, 186, 185, 180, 177, 176, 173, 169, 166, 165, 164, 164, 164, 167, 173, 176, 176, 175, 176, 179, 181, 182, 185, 187, 189, 191, 194, 199, 202, 203, 203, 204, 205, 206, 206, 204, 204, 203, 202, 201, 203, 205, 206, 205, 204, 204, 202, 200, 198, 196, 193, 185, 177, 168, 154, 141, 124, 78, 29, 41, 97, 128, 141, 151, 156, 156, 155, 159, 162, 162, 160, 161, 160, 157, 154, 153, 153, 152, 136, 135, 136, 138, 142, 145, 145, 145, 151, 139, 128, 131, 136, 137, 142, 150, 152, 153, 154, 157, 161, 165, 167, 168, 169, 167, 161, 156, 156, 157, 156, 153, 149, 138, 124, 114, 95, 63, 21, 23, 52, 77, 88, 91, 96, 103, 105, 99, 98, 94, 89, 84, 81, 79, 78, 76, 75, 76, 76, 78, 80, 81, 81, 80, 78, 81, 84, 86, 88, 91, 97, 102, 106, 104, 101, 103, 107, 110, 110, 108, 104, 99, 95, 94, 92, 89, 86, 86, 87, 89, 87, 88, 85, 80, 74, 66, 52, 38, 22, 13, 11, 8, 7, 7, 9, 11, 13, 17, 26, 36, 43, 48, 52, 54, 58, 60, 63, 66, 68, 68, 69, 68, 68, 69, 69, 70, 71, 72, 72, 72, 74, 76, 76, 77, 80, 85, 90, 93, 97, 107, 105, 105, 105, 109, 112, 115, 116, 118, 120, 121, 121, 120, 119, 121, 123, 126, 126, 127, 128, 132, 132, 129, 124, 122, 123, 113, 47, 0, 0, 0, 0, 0, 0, 0, 0, 0, 0, 0, 0, 0, 0, 0, 0, 0, 0, 0, 0, 0, 0, 0, 0, 0, 0, um
0, 0, 0, 0, 0, 0, 0, 0, 0, 0, 0, 0, 0, 0, 0, 0, 0, 0, 0, 0, 0, 0, 0, 0, 0, 0, 0, 0, 0, 0, 0, 0, 0, 0, 0, 0, 0, 0, 0, 0, 0, 0, 0, 0, 70, 138, 138, 137, 139, 141, 143, 146, 150, 150, 147, 151, 154, 157, 160, 163, 166, 171, 175, 171, 170, 170, 166, 165, 176, 176, 145, 111, 97, 109, 127, 133, 133, 134, 151, 159, 154, 168, 164, 162, 159, 159, 159, 158, 152, 140, 127, 122, 133, 148, 155, 150, 145, 152, 158, 158, 156, 156, 153, 148, 146, 147, 149, 150, 149, 149, 145, 137, 130, 128, 133, 141, 149, 150, 149, 149, 150, 151, 150, 147, 144, 141, 138, 137, 137, 136, 136, 135, 135, 136, 136, 135, 134, 133, 134, 134, 134, 134, 135, 137, 139, 142, 144, 144, 145, 144, 143, 142, 140, 140, 141, 142, 142, 138, 138, 138, 137, 136, 136, 139, 143, 146, 148, 149, 151, 155, 160, 164, 166, 165, 162, 163, 166, 165, 164, 164, 163, 161, 156, 151, 149, 149, 147, 145, 144, 144, 145, 147, 149, 148, 149, 150, 150, 150, 151, 152, 153, 154, 154, 154, 154, 156, 159, 160, 161, 161, 159, 158, 155, 152, 149, 147, 146, 144, 144, 142, 140, 139, 136, 133, 131, 129, 126, 123, 119, 117, 116, 115, 113, 110, 106, 103, 100, 97, 93, 91, 88, 89, 87, 85, 82, 81, 83, 87, 89, 34, 0, 0, 0, 0, 0, 0, 0, 0, 0, 0, 0, 0, 0, 0, 0, 0, 0, 0, 0, 0, 0, 0, 0, 0, 0, 0, 0, 0, 0, 0, 0, 0, 0, 0, 0, 0, 0, 0, dois
0, 0, 0, 0, 0, 0, 0, 0, 0, 0, 0, 0, 0, 0, 0, 0, 0, 0, 0, 0, 0, 0, 0, 0, 0, 0, 0, 0, 0, 0, 0, 0, 0, 0, 0, 0, 0, 0, 0, 0, 0, 0, 0, 0, 0, 0, 0, 0, 57, 139, 144, 141, 139, 143, 146, 148, 149, 152, 154, 155, 157, 158, 159, 161, 163, 166, 168, 170, 172, 173, 174, 174, 175, 175, 173, 171, 177, 171, 179, 171, 140, 109, 113, 117, 123, 127, 131, 135, 139, 142, 147, 150, 155, 155, 147, 141, 142, 146, 146, 142, 134, 129, 130, 138, 146, 150, 147, 143, 141, 145, 152, 151, 149, 148, 146, 144, 142, 142, 142, 143, 144, 141, 145, 149, 153, 154, 151, 145, 141, 139, 136, 135, 134, 133, 132, 133, 134, 136, 138, 137, 134, 134, 134, 135, 137, 139, 142, 143, 145, 147, 149, 147, 147, 147, 148, 149, 150, 149, 148, 143, 143, 141, 139, 139, 139, 142, 149, 153, 153, 156, 160, 164, 165, 163, 161, 161, 163, 165, 168, 165, 161, 159, 157, 155, 153, 150, 149, 147, 146, 146, 147, 147, 147, 146, 146, 145, 146, 151, 151, 151, 153, 154, 155, 155, 156, 156, 155, 156, 158, 160, 163, 163, 161, 159, 158, 156, 154, 151, 149, 147, 145, 144, 142, 139, 137, 137, 136, 133, 130, 126, 122, 118, 115, 112, 110, 106, 105, 102, 98, 95, 92, 90, 88, 87, 84, 82, 82, 85, 73, 0, 0, 0, 0, 0, 0, 0, 0, 0, 0, 0, 0, 0, 0, 0, 0, 0, 0, 0, 0, 0, 0, 0, 0, 0, 0, 0, 0, 0, 0, 0, 0, 0, 0, 0, 0, 0, 0, 0, dois
0, 0, 0, 0, 0, 0, 0, 0, 0, 0, 0, 0, 0, 0, 0, 0, 0, 0, 0, 0, 0, 0, 0, 0, 0, 0, 0, 0, 0, 0, 0, 0, 0, 0, 0, 0, 0, 0, 0, 0, 0, 0, 0, 0, 0, 0, 0, 0, 0, 0, 0, 0, 0, 0, 0, 0, 0, 0, 0, 0, 0, 0, 0, 0, 1, 104, 129, 126, 122, 123, 124, 124, 125, 126, 128, 131, 134, 136, 139, 143, 146, 148, 148, 147, 149, 151, 153, 156, 158, 160, 164, 167, 170, 174, 176, 177, 177, 177, 178, 176, 177, 179, 179, 176, 172, 171, 174, 175, 172, 175, 174, 171, 169, 168, 169, 168, 165, 165, 167, 158, 158, 158, 155, 151, 158, 150, 127, 97, 73, 88, 97, 102, 107, 114, 118, 119, 123, 129, 133, 136, 139, 141, 143, 144, 142, 139, 137, 137, 141, 148, 144, 140, 139, 140, 131, 122, 123, 132, 139, 135, 132, 131, 133, 134, 133, 131, 129, 129, 135, 142, 147, 147, 143, 140, 143, 149, 154, 158, 160, 163, 166, 169, 171, 172, 173, 175, 176, 177, 177, 179, 177, 173, 170, 169, 168, 166, 162, 158, 158, 157, 156, 155, 154, 154, 155, 156, 157, 157, 158, 159, 160, 161, 162, 163, 165, 165, 165, 165, 167, 165, 164, 162, 160, 157, 155, 152, 150, 149, 147, 144, 140, 136, 134, 133, 131, 127, 122, 116, 104, 108, 100, 94, 96, 92, 82, 85, 57, 0, 0, 0, 0, 0, 0, 0, 0, 0, 0, 0, 0, 0, 0, 0, 0, 0, 0, 0, 0, 0, 0, 0, 0, 0, 0, 0, 0, 0, 0, 0, 0, 0, 0, 0, 0, 0, 0, 0, 0, 0, dois
0, 0, 0, 0, 0, 0, 0, 0, 0, 0, 0, 0, 0, 0, 0, 0, 0, 0, 0, 0, 0, 0, 0, 0, 0, 0, 0, 0, 0, 0, 0, 0, 0, 0, 0, 0, 0, 0, 0, 0, 0, 0, 0, 0, 0, 0, 0, 0, 0, 0, 0, 0, 0, 0, 0, 0, 0, 0, 8, 102, 111, 113, 112, 120, 138, 148, 151, 156, 161, 164, 167, 169, 170, 170, 170, 171, 171, 171, 172, 176, 180, 182, 180, 181, 184, 188, 192, 192, 188, 186, 187, 190, 188, 186, 187, 188, 189, 188, 187, 186, 186, 185, 181, 180, 180, 179, 178, 175, 171, 167, 163, 166, 161, 156, 161, 141, 85, 52, 86, 107, 108, 110, 114, 116, 117, 117, 120, 120, 119, 119, 121, 121, 121, 124, 128, 130, 130, 130, 128, 123, 111, 114, 117, 109, 103, 109, 118, 118, 114, 116, 120, 123, 124, 123, 123, 122, 122, 132, 141, 145, 144, 139, 136, 136, 135, 135, 135, 135, 139, 144, 147, 149, 153, 156, 158, 161, 164, 166, 168, 168, 167, 166, 165, 164, 166, 157, 156, 154, 152, 150, 149, 147, 146, 145, 147, 149, 150, 152, 153, 156, 158, 159, 160, 160, 160, 160, 160, 160, 159, 160, 160, 161, 161, 158, 155, 149, 145, 143, 142, 140, 139, 138, 135, 133, 130, 128, 126, 123, 119, 113, 108, 104, 98, 92, 86, 81, 77, 75, 74, 72, 67, 67, 81, 84, 9, 0, 0, 0, 0, 0, 0, 0, 0, 0, 0, 0, 0, 0, 0, 0, 0, 0, 0, 0, 0, 0, 0, 0, 0, 0, 0, 0, 0, 0, 0, 0, 0, 0, 0, 0, 0, 0, 0, 0, 0, 0, 0, 0, dois
0, 0, 0, 0, 0, 0, 0, 0, 0, 0, 0, 0, 0, 0, 0, 0, 0, 0, 0, 0, 0, 0, 0, 0, 0, 0, 0, 0, 0, 0, 0, 0, 0, 0, 0, 0, 0, 0, 0, 0, 0, 0, 0, 0, 0, 0, 0, 0, 0, 0, 0, 0, 0, 5, 103, 123, 123, 125, 132, 132, 135, 140, 145, 149, 150, 152, 154, 156, 158, 161, 164, 166, 165, 165, 168, 170, 171, 171, 176, 177, 177, 177, 177, 176, 176, 176, 177, 177, 166, 170, 177, 181, 181, 180, 181, 181, 180, 178, 175, 176, 179, 181, 182, 180, 177, 174, 171, 170, 171, 174, 177, 177, 173, 172, 170, 166, 165, 178, 136, 87, 62, 76, 86, 95, 99, 107, 123, 117, 123, 127, 127, 131, 135, 135, 133, 132, 135, 139, 142, 140, 138, 142, 146, 145, 142, 139, 138, 136, 123, 116, 121, 135, 130, 122, 122, 130, 133, 132, 131, 132, 135, 140, 145, 148, 146, 142, 141, 142, 140, 137, 136, 135, 136, 139, 142, 146, 149, 151, 155, 158, 155, 154, 155, 157, 161, 164, 163, 162, 157, 152, 151, 147, 144, 142, 142, 142, 142, 143, 142, 141, 142, 143, 143, 143, 142, 143, 146, 149, 150, 149, 149, 150, 151, 151, 153, 154, 155, 156, 156, 154, 151, 149, 148, 148, 149, 149, 146, 144, 142, 140, 137, 133, 130, 128, 127, 125, 122, 120, 119, 117, 113, 109, 106, 102, 100, 97, 93, 87, 83, 92, 59, 23, 0, 0, 0, 0, 0, 0, 0, 0, 0, 0, 0, 0, 0, 0, 0, 0, 0, 0, 0, 0, 0, 0, 0, 0, 0, 0, 0, 0, 0, 0, 0, 0, 0, 0, 0, 0, dois
0, 0, 0, 0, 0, 0, 0, 0, 0, 0, 0, 0, 0, 0, 0, 0, 0, 0, 0, 0, 0, 0, 0, 104, 118, 117, 122, 127, 134, 136, 139, 135, 132, 133, 137, 136, 135, 137, 139, 141, 143, 142, 145, 148, 152, 155, 163, 167, 169, 170, 170, 170, 172, 172, 172, 170, 169, 173, 172, 169, 170, 171, 170, 172, 152, 120, 127, 135, 143, 141, 142, 151, 160, 165, 167, 168, 169, 156, 148, 150, 151, 149, 147, 150, 152, 152, 151, 149, 148, 147, 155, 154, 156, 161, 164, 164, 160, 158, 161, 160, 158, 156, 152, 150, 148, 144, 140, 139, 140, 143, 151, 159, 159, 155, 156, 152, 149, 147, 144, 140, 140, 141, 140, 141, 140, 141, 143, 144, 146, 147, 149, 151, 156, 162, 164, 162, 158, 156, 157, 160, 159, 157, 159, 161, 161, 156, 153, 152, 150, 145, 149, 146, 144, 143, 136, 127, 119, 116, 115, 107, 94, 82, 0, 0, 0, 0, 0, 0, 0, 0, 0, 0, 0, 0, 0, 0, 0, 0, 0, 0, 0, 0, 0, 0, 0, 0, 0, 0, 0, 0, 0, 0, 0, 0, 0, 0, 0, 0, 0, 0, 0, 0, 0, 0, 0, 0, 0, 0, 0, 0, 0, 0, 0, 0, 0, 0, 0, 0, 0, 0, 0, 0, 0, 0, 0, 0, 0, 0, 0, 0, 0, 0, 0, 0, 0, 0, 0, 0, 0, 0, 0, 0, 0, 0, 0, 0, 0, 0, 0, 0, 0, 0, 0, 0, 0, 0, 0, 0, 0, 0, 0, 0, 0, 0, 0, 0, 0, 0, 0, 0, 0, 0, 0, 0, 0, 0, 0, 0, 0, 0, 0, 0, 0, 0, 0, 0, 0, 0, tres
0, 0, 0, 0, 0, 0, 0, 0, 0, 0, 0, 0, 0, 0, 0, 0, 0, 0, 0, 0, 112, 116, 119, 124, 130, 134, 134, 133, 133, 134, 135, 136, 139, 139, 139, 143, 146, 148, 152, 155, 157, 159, 166, 167, 170, 172, 171, 173, 177, 182, 184, 182, 179, 181, 179, 177, 177, 179, 175, 176, 173, 148, 129, 138, 136, 140, 139, 144, 156, 167, 168, 169, 172, 175, 174, 162, 153, 148, 150, 150, 150, 148, 149, 148, 148, 152, 154, 154, 158, 161, 160, 157, 157, 156, 155, 158, 158, 156, 157, 156, 152, 149, 141, 142, 135, 142, 154, 152, 150, 145, 142, 142, 140, 136, 135, 134, 138, 140, 141, 143, 143, 144, 147, 151, 151, 153, 155, 157, 158, 157, 155, 155, 156, 156, 156, 156, 160, 165, 165, 161, 160, 156, 154, 155, 155, 154, 152, 149, 147, 144, 139, 137, 137, 138, 137, 132, 126, 121, 114, 109, 45, 0, 0, 0, 0, 0, 0, 0, 0, 0, 0, 0, 0, 0, 0, 0, 0, 0, 0, 0, 0, 0, 0, 0, 0, 0, 0, 0, 0, 0, 0, 0, 0, 0, 0, 0, 0, 0, 0, 0, 0, 0, 0, 0, 0, 0, 0, 0, 0, 0, 0, 0, 0, 0, 0, 0, 0, 0, 0, 0, 0, 0, 0, 0, 0, 0, 0, 151, 146, 140, 142, 145, 146, 149, 152, 152, 152, 149, 147, 149, 148, 150, 150, 150, 149, 151, 150, 149, 149, 148, 149, 149, 149, 148, 147, 148, 147, 145, 144, 145, 146, 149, 146, 144, 146, 145, 138, 142, 142, 140, 141, 139, 138, 119, 133, 139, 141, 140, 133, 129, 126, 125, 122, 118, 96, 11, 0, 0, tres
0, 0, 0, 0, 0, 0, 0, 0, 0, 0, 0, 0, 0, 0, 0, 0, 0, 0, 0, 0, 0, 0, 0, 0, 0, 0, 0, 121, 135, 122, 123, 120, 120, 125, 128, 128, 127, 129, 131, 133, 135, 134, 133, 133, 133, 131, 130, 129, 128, 131, 133, 137, 139, 139, 139, 138, 136, 138, 145, 151, 153, 153, 159, 163, 160, 156, 161, 169, 169, 163, 162, 161, 160, 161, 161, 160, 158, 168, 143, 123, 150, 170, 169, 170, 166, 157, 148, 147, 149, 147, 144, 146, 150, 150, 148, 149, 149, 151, 154, 156, 158, 153, 154, 155, 156, 157, 156, 157, 157, 157, 157, 151, 144, 138, 138, 138, 142, 154, 160, 157, 151, 143, 142, 145, 144, 141, 141, 138, 138, 142, 145, 146, 145, 145, 149, 155, 159, 159, 158, 159, 161, 160, 158, 156, 156, 157, 159, 157, 156, 157, 159, 161, 160, 156, 152, 149, 146, 143, 141, 139, 136, 130, 122, 124, 119, 102, 2, 0, 0, 0, 0, 0, 0, 0, 0, 0, 0, 0, 0, 0, 0, 0, 0, 0, 0, 0, 0, 0, 0, 0, 0, 0, 0, 0, 0, 0, 0, 0, 0, 0, 0, 0, 0, 0, 0, 0, 0, 0, 0, 0, 0, 0, 0, 0, 0, 0, 0, 0, 0, 0, 0, 0, 0, 0, 0, 0, 0, 0, 0, 0, 0, 0, 0, 91, 142, 146, 150, 152, 152, 150, 153, 150, 152, 156, 150, 154, 157, 155, 154, 155, 151, 153, 154, 153, 151, 148, 147, 148, 150, 151, 148, 146, 147, 148, 146, 143, 143, 143, 142, 139, 137, 135, 135, 134, 134, 132, 135, 136, 125, 116, 117, 120, 116, 110, 102, 65, 0, 0, tres
0, 0, 0, 0, 0, 0, 0, 0, 0, 0, 0, 0, 0, 0, 0, 0, 0, 0, 0, 0, 0, 0, 0, 0, 0, 4, 119, 114, 115, 120, 125, 124, 123, 128, 132, 131, 132, 134, 134, 132, 128, 123, 119, 124, 135, 143, 142, 138, 137, 139, 142, 144, 145, 149, 157, 160, 157, 157, 161, 167, 166, 164, 164, 164, 165, 162, 165, 166, 163, 164, 166, 173, 149, 136, 137, 145, 157, 165, 165, 171, 175, 169, 161, 152, 150, 148, 146, 145, 147, 149, 149, 147, 146, 144, 146, 151, 154, 155, 155, 156, 153, 155, 161, 161, 160, 161, 157, 154, 149, 143, 138, 135, 134, 138, 146, 155, 158, 155, 149, 147, 145, 144, 144, 146, 138, 139, 142, 143, 143, 143, 143, 144, 148, 155, 158, 156, 153, 155, 154, 153, 155, 158, 155, 154, 156, 159, 161, 159, 161, 161, 160, 155, 151, 150, 150, 148, 147, 144, 136, 131, 130, 124, 120, 120, 75, 0, 0, 0, 0, 0, 0, 0, 0, 0, 0, 0, 0, 0, 0, 0, 0, 0, 0, 0, 0, 0, 0, 0, 0, 0, 0, 0, 0, 0, 0, 0, 0, 0, 0, 0, 0, 0, 0, 0, 0, 0, 0, 0, 0, 0, 0, 0, 0, 0, 0, 0, 0, 0, 0, 0, 0, 0, 0, 0, 0, 0, 0, 0, 0, 0, 0, 0, 0, 0, 0, 0, 0, 18, 158, 154, 143, 150, 147, 146, 146, 153, 152, 145, 153, 149, 146, 146, 149, 150, 149, 153, 155, 155, 153, 152, 151, 148, 145, 146, 145, 145, 142, 143, 142, 138, 133, 132, 138, 131, 126, 124, 122, 118, 114, 119, 76, 0, 0, 0, 0, 0, 0, 0, tres
0, 0, 0, 0, 0, 0, 0, 0, 0, 0, 0, 0, 0, 0, 0, 0, 0, 0, 0, 0, 0, 0, 0, 112, 115, 121, 122, 123, 128, 128, 127, 129, 131, 132, 131, 128, 126, 125, 130, 134, 137, 137, 136, 137, 138, 144, 150, 152, 154, 157, 155, 158, 161, 164, 166, 168, 169, 170, 169, 167, 169, 170, 169, 168, 172, 174, 172, 156, 129, 133, 138, 144, 154, 162, 164, 169, 170, 170, 168, 159, 152, 149, 148, 148, 147, 147, 147, 147, 146, 146, 150, 151, 155, 157, 157, 157, 155, 153, 153, 154, 155, 157, 155, 152, 149, 146, 142, 139, 137, 138, 148, 156, 159, 156, 148, 142, 144, 144, 139, 141, 141, 140, 140, 142, 143, 144, 145, 148, 152, 156, 159, 161, 161, 160, 158, 156, 157, 157, 157, 156, 156, 156, 157, 161, 163, 161, 155, 152, 154, 150, 147, 148, 146, 144, 140, 134, 132, 132, 127, 121, 116, 106, 37, 0, 0, 0, 0, 0, 0, 0, 0, 0, 0, 0, 0, 0, 0, 0, 0, 0, 0, 0, 0, 0, 0, 0, 0, 0, 0, 0, 0, 0, 0, 0, 0, 0, 0, 0, 0, 0, 0, 0, 0, 0, 0, 0, 0, 0, 0, 0, 0, 0, 0, 0, 0, 0, 0, 0, 0, 0, 0, 0, 0, 0, 0, 0, 0, 0, 0, 0, 0, 31, 141, 144, 148, 150, 150, 150, 149, 151, 152, 155, 156, 152, 153, 156, 156, 153, 150, 148, 150, 152, 148, 149, 151, 150, 150, 150, 149, 148, 146, 145, 145, 144, 144, 146, 147, 146, 143, 139, 141, 139, 136, 137, 135, 130, 120, 131, 128, 124, 119, 116, 111, 102, 31, 0, 0, 0, tres
0, 0, 0, 0, 0, 0, 7, 71, 74, 75, 82, 90, 95, 101, 105, 109, 112, 116, 120, 123, 126, 129, 130, 129, 129, 131, 136, 144, 150, 146, 146, 146, 146, 145, 146, 148, 148, 148, 151, 151, 150, 150, 150, 152, 153, 153, 152, 151, 151, 149, 146, 142, 137, 133, 130, 128, 125, 122, 119, 113, 107, 102, 97, 92, 83, 74, 54, 51, 51, 46, 40, 43, 60, 79, 92, 93, 90, 90, 90, 92, 93, 96, 98, 99, 97, 95, 97, 94, 89, 86, 85, 84, 81, 78, 73, 75, 73, 67, 58, 50, 48, 47, 45, 43, 40, 35, 31, 28, 24, 22, 23, 27, 32, 36, 37, 43, 37, 36, 31, 22, 15, 15, 17, 20, 27, 34, 39, 42, 42, 40, 40, 38, 37, 35, 33, 31, 30, 30, 30, 30, 31, 33, 34, 35, 37, 38, 39, 39, 39, 38, 38, 38, 38, 38, 37, 36, 35, 35, 35, 37, 38, 39, 40, 43, 45, 47, 49, 51, 53, 55, 56, 58, 61, 61, 61, 62, 61, 61, 61, 62, 62, 63, 64, 66, 66, 68, 68, 72, 74, 75, 76, 75, 75, 77, 80, 83, 84, 84, 84, 84, 84, 85, 87, 90, 92, 92, 93, 94, 95, 96, 98, 100, 102, 105, 106, 105, 116, 120, 117, 114, 110, 96, 68, 39, 30, 37, 52, 68, 80, 84, 84, 90, 98, 102, 106, 111, 117, 121, 118, 112, 106, 101, 96, 90, 93, 96, 96, 98, 102, 105, 106, 104, 105, 103, 101, 99, 99, 101, 103, 103, 103, 102, 96, 84, 54, 0, 0, 0, 0, 0, 0, 0, 0, 0, 0, 0, 0, 0, 0, 0, 0, 0, 0, 0, 0, 0, 0, 0, zero
0, 0, 0, 0, 0, 0, 4, 66, 75, 76, 76, 78, 82, 88, 93, 99, 103, 107, 111, 115, 118, 120, 122, 124, 127, 130, 131, 133, 135, 138, 141, 143, 146, 146, 147, 147, 146, 147, 148, 149, 151, 151, 151, 151, 151, 152, 154, 154, 153, 151, 150, 149, 148, 146, 141, 138, 135, 134, 132, 128, 123, 120, 125, 110, 98, 97, 100, 95, 77, 61, 56, 53, 47, 42, 44, 57, 80, 95, 98, 92, 88, 92, 93, 95, 97, 98, 98, 97, 99, 101, 94, 91, 88, 83, 77, 76, 77, 74, 69, 62, 53, 46, 43, 43, 40, 33, 28, 27, 28, 22, 23, 25, 28, 32, 35, 37, 38, 38, 33, 23, 16, 16, 17, 20, 23, 28, 34, 38, 40, 40, 40, 38, 37, 35, 33, 31, 31, 32, 32, 32, 33, 35, 35, 36, 37, 38, 39, 39, 39, 38, 38, 37, 36, 36, 35, 36, 38, 37, 37, 37, 37, 38, 40, 42, 42, 44, 47, 50, 53, 55, 56, 57, 60, 62, 62, 61, 62, 63, 63, 65, 66, 67, 67, 67, 70, 71, 73, 75, 77, 78, 78, 78, 78, 80, 82, 85, 87, 88, 88, 89, 91, 93, 94, 96, 98, 101, 102, 102, 103, 104, 106, 107, 104, 111, 116, 118, 117, 118, 123, 128, 130, 131, 131, 111, 72, 39, 33, 49, 66, 71, 78, 90, 94, 99, 103, 107, 110, 112, 113, 116, 119, 118, 117, 112, 104, 97, 95, 100, 105, 111, 114, 114, 115, 113, 111, 108, 105, 102, 101, 101, 100, 100, 94, 39, 0, 0, 0, 0, 0, 0, 0, 0, 0, 0, 0, 0, 0, 0, 0, 0, 0, 0, 0, 0, 0, 0, 0, 0, zero
0, 0, 0, 0, 0, 0, 0, 0, 0, 4, 61, 68, 72, 76, 68, 68, 69, 71, 74, 76, 78, 80, 80, 81, 81, 82, 81, 81, 80, 80, 78, 76, 75, 77, 80, 81, 83, 85, 86, 86, 85, 85, 86, 89, 91, 94, 97, 100, 103, 103, 102, 101, 103, 107, 110, 113, 114, 116, 117, 119, 121, 124, 126, 128, 129, 133, 136, 137, 139, 141, 143, 144, 144, 143, 142, 149, 156, 158, 160, 160, 158, 157, 157, 158, 160, 158, 155, 155, 155, 155, 155, 157, 160, 160, 160, 160, 158, 151, 145, 143, 143, 144, 144, 137, 130, 119, 106, 99, 95, 85, 73, 65, 73, 96, 113, 122, 123, 122, 126, 130, 129, 123, 119, 124, 131, 132, 116, 62, 27, 15, 16, 16, 23, 29, 31, 32, 34, 34, 35, 33, 31, 27, 25, 25, 25, 25, 29, 30, 33, 37, 40, 43, 45, 46, 47, 48, 50, 51, 53, 55, 57, 58, 59, 60, 60, 61, 62, 63, 64, 65, 67, 71, 73, 76, 78, 79, 79, 82, 85, 88, 91, 91, 92, 93, 95, 97, 100, 99, 99, 99, 100, 102, 104, 105, 106, 105, 106, 108, 108, 109, 109, 110, 111, 110, 109, 109, 107, 107, 109, 111, 113, 118, 123, 127, 126, 123, 124, 125, 124, 126, 130, 136, 140, 141, 140, 137, 139, 142, 142, 141, 138, 134, 132, 134, 140, 145, 139, 137, 143, 139, 143, 143, 121, 73, 41, 59, 77, 92, 110, 110, 106, 113, 126, 134, 125, 114, 75, 26, 0, 0, 0, 0, 0, 0, 0, 0, 0, 0, 0, 0, 0, 0, 0, 0, 0, 0, 0, 0, 0, 0, 0, 0, 0, 0, 0, 0, 0, 0, zero
0, 0, 0, 0, 0, 0, 0, 0, 0, 0, 0, 0, 0, 0, 40, 82, 75, 71, 72, 73, 73, 71, 69, 68, 67, 64, 64, 64, 64, 63, 61, 60, 62, 65, 68, 72, 76, 76, 76, 76, 75, 75, 74, 73, 72, 73, 73, 73, 74, 74, 74, 74, 73, 73, 75, 76, 77, 78, 77, 76, 76, 76, 77, 78, 80, 81, 82, 81, 81, 84, 85, 85, 84, 83, 80, 79, 78, 78, 83, 82, 79, 75, 71, 71, 72, 75, 77, 78, 82, 88, 91, 92, 92, 92, 93, 97, 98, 97, 95, 93, 94, 94, 95, 98, 101, 103, 102, 100, 97, 99, 105, 104, 106, 108, 109, 111, 110, 109, 107, 106, 110, 113, 116, 118, 119, 120, 123, 125, 130, 136, 138, 137, 139, 140, 141, 143, 145, 147, 149, 150, 150, 149, 148, 144, 141, 141, 145, 151, 158, 163, 167, 169, 164, 164, 163, 160, 157, 155, 154, 154, 156, 157, 156, 156, 160, 161, 159, 157, 155, 152, 145, 136, 126, 110, 106, 107, 110, 120, 129, 137, 143, 146, 147, 148, 147, 139, 149, 130, 88, 46, 54, 66, 76, 82, 84, 86, 89, 91, 92, 93, 94, 95, 97, 99, 100, 104, 105, 106, 107, 108, 108, 109, 111, 112, 115, 115, 115, 114, 116, 120, 125, 130, 133, 132, 131, 130, 135, 134, 134, 136, 139, 138, 135, 131, 130, 134, 132, 131, 132, 134, 135, 136, 137, 137, 136, 136, 136, 132, 129, 129, 132, 131, 49, 0, 0, 0, 0, 0, 0, 0, 0, 0, 0, 0, 0, 0, 0, 0, 0, 0, 0, 0, 0, 0, 0, 0, 0, 0, 0, 0, 0, 0, 0, 0, 0, 0, 0, 0, zero
0, 0, 0, 0, 0, 0, 0, 0, 0, 0, 0, 0, 0, 0, 14, 41, 67, 67, 64, 65, 68, 72, 75, 78, 78, 77, 76, 75, 74, 74, 75, 77, 79, 78, 76, 73, 72, 74, 77, 80, 84, 84, 85, 86, 87, 88, 89, 89, 87, 86, 86, 87, 85, 84, 82, 81, 81, 81, 82, 84, 84, 86, 89, 93, 97, 98, 97, 94, 91, 90, 91, 93, 93, 94, 95, 96, 99, 102, 104, 104, 104, 105, 106, 110, 112, 115, 117, 119, 121, 124, 126, 129, 131, 131, 132, 134, 137, 139, 140, 140, 140, 140, 140, 142, 149, 151, 153, 155, 158, 161, 163, 165, 167, 167, 166, 164, 170, 172, 170, 165, 162, 163, 166, 169, 169, 170, 169, 164, 158, 152, 147, 143, 133, 117, 100, 87, 90, 101, 115, 131, 144, 150, 152, 152, 154, 158, 159, 156, 155, 153, 151, 149, 145, 142, 138, 134, 131, 87, 46, 24, 36, 44, 48, 52, 61, 61, 60, 60, 61, 62, 63, 64, 66, 67, 68, 70, 70, 71, 73, 75, 74, 75, 79, 83, 85, 84, 84, 85, 88, 89, 90, 92, 94, 96, 98, 100, 101, 102, 102, 103, 104, 103, 104, 105, 106, 108, 110, 111, 111, 109, 109, 109, 110, 109, 107, 104, 101, 101, 102, 105, 108, 114, 117, 118, 120, 122, 125, 127, 129, 130, 131, 132, 133, 134, 137, 140, 141, 141, 140, 138, 136, 135, 133, 131, 134, 132, 132, 133, 136, 119, 101, 87, 95, 97, 97, 96, 89, 33, 0, 0, 0, 0, 0, 0, 0, 0, 0, 0, 0, 0, 0, 0, 0, 0, 0, 0, 0, 0, 0, 0, 0, 0, 0, 0, 0, 0, 0, 0, zero
96, 92, 93, 94, 94, 95, 97, 97, 98, 98, 101, 104, 107, 109, 111, 112, 115, 117, 119, 119, 118, 116, 115, 113, 111, 109, 108, 107, 107, 109, 110, 111, 110, 111, 112, 114, 116, 113, 108, 102, 97, 88, 78, 65, 55, 55, 66, 79, 88, 91, 98, 96, 97, 99, 100, 98, 91, 82, 75, 69, 69, 70, 73, 78, 82, 86, 88, 90, 93, 95, 97, 99, 101, 101, 101, 101, 101, 101, 103, 105, 105, 105, 102, 98, 96, 94, 94, 94, 93, 93, 95, 95, 96, 96, 96, 96, 96, 95, 95, 95, 95, 95, 95, 98, 101, 105, 107, 105, 101, 97, 94, 94, 98, 99, 99, 99, 99, 100, 102, 106, 109, 113, 115, 117, 116, 114, 113, 111, 111, 109, 108, 107, 106, 105, 104, 103, 101, 101, 98, 97, 99, 100, 103, 106, 106, 108, 107, 107, 106, 106, 106, 106, 105, 105, 105, 104, 100, 100, 102, 102, 102, 101, 98, 96, 93, 93, 92, 94, 97, 103, 107, 109, 107, 104, 107, 101, 101, 101, 100, 103, 102, 91, 65, 32, 22, 23, 30, 30, 29, 30, 34, 37, 41, 45, 50, 54, 58, 61, 64, 67, 73, 78, 82, 87, 92, 94, 96, 99, 100, 103, 105, 108, 111, 113, 114, 116, 118, 120, 124, 128, 132, 133, 129, 125, 124, 126, 129, 129, 126, 122, 119, 115, 105, 89, 72, 60, 58, 73, 103, 139, 167, 179, 180, 178, 182, 186, 180, 177, 173, 173, 175, 176, 173, 169, 168, 157, 149, 147, 136, 120, 113, 116, 122, 122, 118, 115, 114, 114, 114, 111, 108, 105, 102, 101, 99, 98, 97, 98, 98, 99, 97, 97, 99, 100, 65, 0, 0, 0, um
0, 0, 0, 0, 0, 0, 17, 118, 124, 126, 123, 120, 118, 119, 120, 119, 121, 123, 124, 124, 125, 126, 127, 128, 129, 126, 124, 122, 120, 116, 113, 112, 111, 112, 111, 109, 106, 102, 101, 101, 101, 100, 99, 100, 104, 103, 104, 105, 107, 107, 105, 102, 99, 98, 97, 96, 95, 94, 93, 92, 89, 87, 85, 85, 86, 88, 89, 89, 87, 85, 84, 87, 89, 90, 90, 86, 74, 53, 35, 27, 31, 44, 67, 79, 82, 86, 89, 88, 88, 90, 88, 90, 91, 93, 95, 95, 94, 93, 93, 94, 94, 95, 96, 98, 100, 102, 104, 105, 107, 108, 108, 109, 109, 112, 114, 114, 115, 115, 115, 115, 116, 116, 115, 114, 112, 111, 109, 106, 106, 107, 105, 102, 100, 99, 97, 97, 102, 82, 64, 60, 67, 77, 83, 86, 92, 91, 92, 93, 93, 91, 89, 86, 82, 81, 76, 74, 72, 71, 70, 71, 70, 68, 66, 62, 58, 54, 55, 50, 38, 27, 20, 19, 20, 19, 21, 23, 24, 25, 25, 24, 23, 24, 25, 25, 24, 24, 24, 24, 24, 25, 25, 23, 21, 21, 19, 15, 13, 9, 7, 2, 0, 0, 0, 1, 7, 11, 13, 15, 17, 18, 19, 20, 21, 21, 22, 22, 22, 23, 25, 28, 31, 34, 39, 44, 45, 45, 45, 46, 54, 59, 63, 65, 64, 65, 68, 69, 67, 69, 71, 72, 74, 76, 79, 80, 80, 81, 80, 81, 85, 89, 93, 95, 96, 98, 98, 98, 95, 95, 96, 96, 97, 97, 96, 96, 96, 94, 94, 95, 94, 92, 91, 90, 91, 92, 93, 92, 90, 85, 58, 0, 0, 0, 0, 0, 0, 0, 0, 0, um
0, 0, 0, 0, 0, 0, 0, 0, 0, 0, 0, 0, 0, 0, 0, 0, 0, 0, 93, 117, 118, 114, 108, 108, 107, 97, 84, 77, 78, 81, 86, 92, 95, 95, 93, 91, 90, 88, 86, 84, 82, 82, 83, 83, 81, 81, 79, 82, 80, 79, 78, 69, 55, 49, 56, 68, 79, 88, 90, 90, 91, 94, 95, 97, 97, 96, 95, 95, 95, 96, 98, 99, 101, 104, 107, 109, 109, 110, 112, 114, 116, 117, 119, 120, 122, 122, 123, 123, 124, 124, 124, 123, 122, 120, 119, 118, 117, 116, 114, 114, 113, 111, 109, 106, 104, 103, 98, 95, 89, 81, 73, 63, 49, 34, 36, 51, 65, 80, 88, 94, 99, 99, 97, 99, 99, 98, 96, 94, 91, 88, 86, 85, 82, 82, 81, 78, 78, 77, 79, 80, 80, 82, 81, 77, 73, 70, 67, 61, 52, 42, 33, 23, 18, 18, 18, 18, 19, 18, 17, 17, 18, 19, 21, 22, 22, 21, 20, 20, 20, 19, 20, 20, 21, 21, 21, 21, 22, 22, 22, 22, 22, 21, 21, 20, 18, 16, 15, 13, 11, 10, 9, 5, 0, 0, 1, 7, 11, 13, 16, 19, 22, 23, 25, 25, 25, 25, 25, 25, 26, 27, 27, 29, 31, 37, 42, 46, 48, 53, 57, 61, 65, 69, 74, 76, 75, 75, 80, 80, 80, 79, 78, 78, 80, 82, 83, 84, 84, 86, 87, 88, 88, 89, 89, 89, 89, 88, 87, 87, 87, 89, 90, 91, 93, 94, 94, 94, 95, 97, 98, 98, 100, 100, 99, 98, 98, 96, 94, 93, 93, 96, 97, 79, 0, 0, 0, 0, 0, 0, 0, 0, 0, 0, 0, 0, 0, 0, 0, 0, um
0, 0, 0, 0, 0, 0, 0, 0, 0, 0, 0, 0, 0, 0, 0, 0, 0, 0, 56, 111, 116, 116, 112, 108, 79, 43, 36, 66, 94, 93, 83, 85, 89, 83, 81, 85, 92, 87, 78, 78, 85, 80, 76, 73, 73, 77, 86, 93, 97, 99, 100, 101, 102, 100, 99, 99, 100, 102, 105, 106, 109, 111, 111, 111, 113, 115, 116, 118, 120, 120, 120, 119, 118, 117, 117, 117, 119, 120, 122, 125, 125, 124, 120, 116, 115, 116, 114, 111, 108, 106, 104, 102, 100, 102, 100, 93, 88, 83, 78, 69, 56, 45, 22, 29, 51, 69, 85, 96, 97, 97, 101, 103, 101, 101, 98, 96, 93, 91, 89, 90, 92, 91, 90, 89, 90, 91, 91, 91, 91, 89, 87, 84, 81, 79, 75, 71, 69, 66, 57, 46, 38, 33, 27, 21, 19, 19, 20, 20, 20, 20, 19, 18, 19, 19, 19, 19, 20, 20, 21, 21, 21, 22, 22, 22, 22, 23, 23, 23, 22, 22, 22, 23, 22, 21, 22, 21, 20, 20, 19, 19, 19, 18, 15, 11, 6, 0, 0, 0, 5, 8, 12, 16, 19, 20, 20, 21, 22, 24, 26, 27, 30, 35, 41, 46, 52, 56, 59, 63, 71, 77, 79, 80, 83, 85, 82, 80, 80, 81, 83, 85, 87, 89, 90, 89, 86, 87, 89, 90, 92, 93, 95, 97, 95, 93, 91, 90, 90, 89, 90, 90, 91, 95, 97, 98, 99, 100, 99, 100, 99, 98, 103, 103, 104, 104, 105, 105, 105, 105, 104, 100, 99, 98, 96, 94, 93, 94, 94, 89, 83, 42, 0, 0, 0, 0, 0, 0, 0, 0, 0, 0, 0, 0, 0, 0, 0, 0, 0, 0, um
0, 0, 0, 0, 0, 0, 0, 0, 0, 0, 0, 0, 0, 0, 0, 65, 94, 96, 94, 92, 89, 87, 87, 88, 90, 91, 92, 91, 89, 85, 78, 75, 78, 86, 90, 88, 95, 96, 95, 94, 92, 92, 94, 96, 98, 100, 102, 106, 106, 108, 109, 112, 114, 116, 117, 118, 119, 119, 119, 118, 118, 118, 120, 122, 123, 124, 123, 121, 119, 116, 114, 111, 110, 109, 108, 109, 109, 108, 107, 107, 106, 99, 101, 100, 93, 90, 88, 83, 79, 58, 32, 20, 28, 50, 69, 74, 88, 88, 89, 90, 91, 91, 91, 89, 88, 87, 87, 87, 89, 90, 91, 91, 92, 91, 91, 91, 90, 88, 88, 87, 85, 83, 80, 77, 74, 70, 66, 61, 56, 48, 40, 34, 28, 26, 25, 24, 24, 23, 22, 20, 18, 15, 13, 14, 16, 19, 19, 21, 23, 25, 25, 26, 25, 25, 24, 22, 22, 22, 22, 21, 20, 19, 18, 16, 14, 13, 13, 12, 12, 11, 10, 8, 6, 4, 3, 4, 5, 0, 0, 0, 0, 0, 2, 8, 15, 19, 20, 22, 24, 26, 27, 29, 29, 30, 32, 35, 38, 41, 46, 52, 58, 64, 73, 70, 67, 68, 71, 74, 76, 77, 75, 75, 78, 80, 80, 81, 82, 85, 86, 84, 86, 90, 94, 96, 97, 97, 98, 99, 99, 99, 100, 101, 102, 104, 105, 105, 106, 108, 107, 106, 106, 107, 108, 109, 111, 112, 113, 114, 114, 114, 113, 111, 111, 110, 106, 105, 105, 105, 105, 105, 105, 105, 105, 106, 100, 104, 105, 93, 33, 0, 0, 0, 0, 0, 0, 0, 0, 0, 0, 0, 0, 0, 0, 0, 0, 0, 0, 0, um
0, 0, 0, 0, 0, 0, 0, 0, 0, 0, 0, 0, 0, 0, 0, 0, 5, 93, 98, 96, 94, 93, 94, 93, 93, 91, 92, 92, 91, 91, 91, 90, 89, 90, 91, 85, 86, 82, 70, 55, 41, 30, 26, 23, 37, 62, 81, 83, 74, 74, 85, 85, 71, 75, 81, 86, 90, 90, 88, 87, 90, 94, 97, 96, 97, 99, 100, 102, 104, 106, 107, 106, 105, 106, 106, 106, 104, 101, 99, 97, 94, 91, 90, 88, 85, 81, 79, 78, 77, 76, 77, 81, 84, 88, 90, 89, 88, 88, 87, 85, 82, 76, 73, 69, 63, 57, 50, 42, 35, 31, 27, 25, 24, 23, 23, 24, 24, 25, 24, 24, 26, 28, 30, 32, 35, 37, 44, 51, 59, 63, 63, 64, 67, 72, 78, 78, 82, 88, 95, 99, 99, 102, 110, 118, 125, 127, 131, 138, 151, 168, 182, 189, 187, 181, 182, 183, 179, 174, 170, 165, 159, 152, 163, 160, 155, 153, 155, 155, 151, 139, 130, 123, 119, 115, 111, 108, 107, 108, 106, 106, 105, 108, 112, 116, 121, 125, 125, 126, 125, 125, 128, 132, 136, 140, 142, 142, 142, 143, 143, 141, 142, 146, 144, 149, 146, 136, 140, 162, 176, 169, 161, 156, 156, 156, 157, 157, 156, 156, 158, 160, 161, 163, 162, 156, 149, 150, 164, 178, 176, 165, 162, 162, 161, 163, 161, 154, 159, 156, 145, 138, 138, 145, 152, 155, 152, 144, 134, 131, 132, 130, 126, 119, 114, 118, 119, 117, 117, 116, 112, 68, 0, 0, 0, 0, 0, 0, 0, 0, 0, 0, 0, 0, 0, 0, 0, 0, 0, 0, 0, 0, 0, 0, 0, 0, 0, 0, 0, 0, dois
0, 0, 0, 0, 0, 2, 77, 90, 88, 87, 86, 84, 83, 82, 81, 81, 80, 77, 76, 74, 72, 70, 68, 65, 62, 58, 53, 51, 48, 45, 43, 45, 52, 62, 70, 77, 78, 76, 74, 68, 63, 61, 64, 69, 73, 74, 72, 72, 73, 75, 77, 78, 76, 73, 72, 71, 71, 71, 71, 71, 73, 74, 76, 77, 79, 78, 75, 71, 68, 66, 63, 61, 59, 56, 52, 48, 44, 40, 36, 32, 30, 27, 25, 24, 22, 22, 23, 23, 23, 23, 23, 23, 23, 23, 25, 26, 31, 38, 42, 45, 47, 51, 55, 58, 59, 60, 61, 63, 67, 70, 72, 73, 72, 76, 77, 80, 83, 87, 89, 92, 94, 94, 95, 98, 98, 98, 96, 94, 93, 93, 95, 97, 99, 100, 100, 101, 100, 98, 95, 92, 88, 86, 88, 89, 89, 88, 89, 90, 92, 94, 95, 96, 97, 95, 94, 95, 96, 97, 100, 100, 99, 96, 93, 94, 92, 92, 93, 94, 95, 95, 97, 100, 101, 100, 99, 99, 100, 100, 96, 90, 84, 87, 87, 88, 88, 88, 90, 91, 92, 93, 92, 89, 94, 98, 104, 108, 110, 112, 110, 109, 108, 107, 107, 107, 107, 106, 105, 106, 105, 104, 108, 109, 108, 107, 105, 102, 101, 99, 98, 97, 96, 96, 97, 97, 98, 98, 97, 96, 94, 94, 97, 100, 104, 107, 108, 108, 107, 105, 106, 86, 88, 132, 198, 181, 162, 153, 155, 160, 155, 153, 146, 139, 137, 140, 143, 144, 145, 146, 147, 146, 149, 151, 148, 141, 132, 124, 117, 113, 101, 63, 0, 0, 0, 0, 0, 0, 0, 0, 0, 0, 0, 0, 0, 0, 0, 0, 0, 0, dois
0, 0, 0, 35, 76, 87, 86, 82, 77, 72, 69, 71, 77, 81, 86, 90, 94, 97, 99, 102, 103, 103, 104, 106, 108, 109, 109, 108, 106, 101, 99, 98, 97, 95, 93, 94, 96, 96, 96, 98, 102, 105, 105, 103, 101, 93, 94, 92, 86, 82, 78, 71, 63, 56, 54, 59, 68, 79, 86, 89, 92, 97, 107, 113, 120, 124, 128, 131, 127, 123, 125, 124, 122, 115, 105, 97, 92, 92, 92, 92, 90, 90, 94, 100, 103, 104, 103, 97, 103, 111, 118, 121, 124, 123, 124, 134, 139, 140, 139, 137, 135, 134, 136, 136, 135, 133, 134, 137, 141, 145, 148, 148, 152, 159, 164, 160, 154, 152, 155, 159, 159, 157, 156, 157, 159, 162, 168, 178, 186, 182, 160, 145, 149, 161, 164, 163, 163, 162, 165, 168, 170, 175, 184, 191, 195, 182, 162, 160, 163, 173, 184, 190, 196, 200, 193, 189, 182, 177, 173, 173, 173, 174, 171, 163, 157, 157, 160, 165, 168, 172, 173, 172, 172, 170, 168, 165, 161, 158, 155, 150, 149, 145, 141, 138, 135, 133, 132, 133, 133, 132, 129, 127, 125, 123, 121, 121, 123, 119, 120, 127, 138, 146, 153, 157, 169, 165, 170, 186, 194, 196, 201, 209, 208, 201, 200, 199, 196, 192, 185, 177, 172, 167, 165, 159, 155, 158, 168, 178, 182, 188, 190, 189, 188, 187, 185, 184, 184, 182, 177, 169, 164, 163, 161, 157, 155, 153, 149, 150, 150, 150, 148, 144, 139, 135, 132, 130, 128, 122, 115, 109, 105, 79, 0, 0, 0, 0, 0, 0, 0, 0, 0, 0, 0, 0, 0, 0, 0, 0, 0, 0, 0, 0, 0, 0, 0, 0, 0, 0, dois
0, 0, 0, 0, 0, 0, 0, 18, 109, 107, 103, 104, 102, 100, 100, 99, 98, 99, 102, 104, 106, 107, 105, 99, 90, 79, 71, 72, 84, 98, 103, 104, 104, 103, 103, 106, 111, 111, 108, 107, 107, 105, 105, 105, 106, 106, 104, 102, 103, 106, 108, 107, 106, 107, 112, 113, 111, 112, 114, 115, 117, 119, 122, 124, 127, 128, 132, 136, 137, 138, 138, 137, 135, 135, 135, 134, 133, 133, 132, 131, 131, 131, 130, 130, 130, 130, 129, 129, 129, 130, 130, 128, 126, 126, 125, 123, 121, 119, 117, 113, 107, 102, 95, 90, 82, 72, 63, 56, 48, 36, 30, 27, 26, 26, 28, 32, 39, 45, 47, 48, 52, 56, 59, 63, 65, 68, 72, 77, 81, 85, 89, 91, 92, 94, 97, 103, 112, 119, 124, 124, 120, 118, 119, 121, 122, 120, 116, 99, 91, 93, 93, 90, 85, 87, 96, 105, 118, 117, 106, 105, 117, 133, 140, 137, 131, 135, 139, 142, 145, 146, 144, 140, 135, 131, 124, 121, 120, 118, 116, 116, 116, 115, 115, 114, 116, 118, 121, 123, 124, 125, 127, 128, 130, 132, 134, 136, 138, 138, 138, 140, 140, 142, 143, 143, 147, 145, 138, 141, 150, 151, 150, 148, 147, 146, 146, 147, 149, 152, 153, 153, 152, 152, 152, 152, 147, 142, 141, 144, 147, 149, 151, 151, 149, 149, 148, 141, 134, 128, 123, 121, 123, 129, 133, 133, 129, 127, 124, 122, 119, 117, 115, 114, 113, 114, 115, 115, 114, 110, 75, 0, 0, 0, 0, 0, 0, 0, 0, 0, 0, 0, 0, 0, 0, 0, 0, 0, 0, 0, 0, 0, 0, 0, 0, 0, 0, 0, 0, 0, dois
0, 0, 0, 49, 89, 91, 90, 88, 81, 73, 68, 67, 70, 76, 81, 84, 87, 90, 93, 96, 98, 101, 102, 103, 105, 108, 108, 108, 108, 107, 105, 103, 101, 101, 98, 97, 96, 93, 91, 88, 89, 91, 93, 97, 99, 98, 98, 99, 98, 96, 92, 88, 84, 81, 80, 78, 74, 66, 53, 41, 33, 37, 55, 65, 75, 83, 88, 93, 99, 107, 111, 113, 120, 130, 139, 144, 149, 155, 162, 168, 178, 180, 179, 177, 173, 169, 166, 165, 165, 163, 158, 152, 148, 146, 148, 151, 156, 159, 153, 156, 166, 176, 180, 176, 167, 160, 155, 143, 134, 131, 128, 126, 127, 127, 126, 124, 125, 128, 131, 133, 136, 138, 137, 138, 138, 139, 144, 144, 144, 145, 144, 145, 145, 145, 144, 146, 151, 157, 157, 154, 148, 147, 153, 161, 166, 165, 164, 162, 162, 163, 165, 168, 170, 180, 187, 186, 175, 161, 154, 161, 171, 174, 178, 181, 180, 176, 172, 169, 168, 166, 162, 158, 157, 158, 159, 161, 161, 160, 162, 164, 161, 157, 157, 157, 156, 154, 150, 148, 146, 144, 142, 140, 137, 136, 135, 135, 134, 132, 131, 130, 130, 130, 129, 128, 127, 125, 124, 122, 127, 121, 116, 119, 122, 116, 107, 128, 178, 217, 222, 216, 210, 207, 208, 207, 198, 186, 174, 167, 161, 157, 155, 156, 159, 163, 169, 186, 200, 201, 198, 195, 192, 194, 196, 196, 193, 187, 180, 172, 166, 166, 165, 163, 160, 157, 155, 157, 157, 156, 155, 154, 154, 155, 155, 156, 154, 151, 145, 140, 137, 132, 123, 114, 106, 99, 31, 0, 0, 0, 0, 0, 0, 0, 0, 0, 0, 0, 0, 0, dois
0, 0, 0, 0, 0, 0, 0, 0, 0, 0, 0, 0, 0, 0, 0, 0, 0, 0, 0, 0, 0, 0, 0, 0, 0, 15, 65, 63, 57, 54, 46, 39, 36, 35, 34, 35, 35, 33, 28, 24, 22, 24, 28, 32, 36, 37, 39, 42, 45, 48, 52, 57, 59, 62, 65, 67, 68, 73, 79, 86, 90, 91, 92, 95, 98, 96, 94, 99, 104, 97, 88, 89, 105, 107, 106, 110, 114, 119, 122, 120, 118, 119, 109, 107, 104, 98, 97, 104, 114, 122, 130, 127, 113, 103, 97, 91, 90, 88, 89, 95, 101, 102, 99, 95, 96, 94, 98, 102, 106, 108, 106, 106, 108, 111, 114, 115, 117, 120, 118, 117, 117, 119, 120, 118, 117, 116, 113, 108, 108, 111, 110, 105, 105, 103, 100, 96, 94, 93, 89, 84, 82, 78, 73, 68, 73, 81, 88, 97, 115, 107, 104, 109, 109, 106, 107, 23, 0, 0, 0, 0, 0, 0, 0, 0, 0, 0, 0, 0, 0, 0, 0, 0, 0, 0, 0, 0, 0, 0, 0, 0, 0, 0, 0, 0, 0, 0, 0, 0, 0, 0, 0, 0, 0, 0, 0, 0, 0, 0, 0, 0, 0, 0, 0, 0, 0, 0, 0, 0, 0, 50, 122, 125, 131, 128, 128, 126, 126, 129, 131, 134, 135, 134, 134, 132, 111, 96, 110, 120, 127, 124, 111, 100, 101, 111, 117, 119, 121, 121, 124, 127, 126, 127, 125, 121, 117, 118, 122, 122, 118, 118, 121, 118, 118, 117, 118, 117, 116, 116, 114, 109, 106, 106, 108, 107, 106, 104, 102, 101, 98, 95, 90, 86, 84, 82, 80, 81, 85, 89, 89, 6, 0, 0, 0, 0, 0, 0, 0, 0, tres
0, 0, 0, 0, 0, 0, 0, 0, 0, 0, 0, 0, 0, 0, 0, 0, 0, 0, 0, 0, 0, 0, 0, 0, 0, 0, 36, 55, 45, 34, 29, 27, 27, 26, 23, 23, 28, 36, 45, 48, 53, 56, 57, 59, 61, 66, 73, 80, 86, 86, 86, 86, 83, 83, 85, 86, 98, 102, 98, 99, 97, 100, 104, 106, 109, 110, 109, 107, 104, 98, 100, 102, 111, 120, 122, 125, 123, 125, 126, 122, 111, 100, 99, 94, 94, 96, 96, 95, 95, 96, 92, 88, 85, 84, 79, 90, 102, 97, 98, 100, 98, 97, 101, 109, 111, 111, 112, 114, 116, 118, 120, 121, 123, 123, 123, 122, 120, 120, 120, 120, 119, 116, 112, 111, 109, 108, 109, 106, 101, 98, 97, 95, 95, 93, 90, 90, 89, 79, 77, 69, 65, 69, 81, 92, 94, 100, 110, 104, 91, 89, 86, 90, 98, 88, 0, 0, 0, 0, 0, 0, 0, 0, 0, 0, 0, 0, 0, 0, 0, 0, 0, 0, 0, 0, 0, 0, 0, 0, 0, 0, 0, 0, 0, 0, 0, 0, 0, 0, 0, 0, 0, 0, 0, 0, 0, 0, 0, 0, 0, 0, 0, 0, 0, 0, 0, 0, 19, 117, 119, 109, 106, 106, 111, 117, 119, 119, 115, 122, 123, 129, 131, 138, 135, 133, 136, 139, 143, 145, 140, 134, 132, 133, 137, 138, 137, 128, 120, 120, 124, 130, 125, 123, 124, 124, 128, 129, 128, 132, 130, 127, 124, 125, 124, 126, 127, 124, 123, 121, 118, 117, 118, 116, 112, 111, 110, 112, 113, 108, 107, 104, 100, 96, 94, 91, 87, 86, 84, 81, 76, 79, 86, 86, 13, 0, 0, 0, 0, 0, tres
0, 0, 0, 0, 0, 0, 0, 0, 0, 0, 0, 0, 0, 0, 0, 0, 0, 0, 0, 0, 0, 0, 0, 0, 0, 17, 67, 59, 53, 45, 39, 38, 38, 35, 35, 34, 29, 28, 32, 37, 40, 42, 44, 48, 49, 55, 59, 62, 66, 70, 69, 70, 76, 83, 90, 93, 95, 98, 99, 99, 99, 102, 105, 97, 87, 91, 111, 116, 122, 120, 121, 123, 127, 128, 125, 117, 111, 108, 110, 107, 103, 103, 109, 123, 130, 130, 120, 101, 97, 100, 97, 99, 101, 100, 95, 89, 86, 86, 84, 86, 97, 101, 97, 95, 92, 93, 95, 98, 100, 101, 103, 104, 107, 112, 115, 115, 118, 118, 118, 117, 117, 118, 119, 117, 116, 116, 114, 110, 109, 110, 111, 108, 106, 106, 104, 100, 99, 99, 97, 94, 91, 86, 80, 73, 68, 72, 87, 95, 100, 120, 114, 98, 106, 110, 104, 107, 74, 0, 0, 0, 0, 0, 0, 0, 0, 0, 0, 0, 0, 0, 0, 0, 0, 0, 0, 0, 0, 0, 0, 0, 0, 0, 0, 0, 0, 0, 0, 0, 0, 0, 0, 0, 0, 0, 0, 0, 0, 0, 0, 0, 0, 0, 0, 0, 0, 0, 0, 0, 0, 0, 7, 111, 137, 139, 142, 142, 146, 141, 141, 141, 145, 147, 145, 149, 147, 152, 149, 139, 131, 133, 144, 146, 146, 135, 135, 125, 129, 134, 142, 142, 142, 143, 143, 141, 138, 135, 135, 134, 133, 133, 133, 134, 135, 135, 136, 137, 134, 135, 134, 132, 129, 126, 124, 123, 128, 127, 126, 127, 128, 124, 120, 116, 110, 106, 109, 102, 98, 100, 97, 92, 92, 93, 95, 95, 97, 96, 33, 0, tres
0, 0, 139, 143, 149, 157, 165, 165, 164, 161, 159, 162, 163, 164, 166, 164, 155, 154, 157, 156, 152, 146, 137, 127, 115, 104, 82, 70, 53, 43, 31, 23, 21, 44, 62, 70, 73, 69, 63, 59, 59, 62, 62, 58, 59, 65, 73, 73, 71, 72, 72, 79, 85, 91, 95, 97, 99, 102, 104, 105, 107, 120, 122, 120, 120, 124, 122, 86, 65, 73, 74, 78, 85, 82, 82, 85, 80, 74, 66, 61, 58, 70, 81, 88, 92, 91, 89, 87, 81, 75, 71, 71, 72, 72, 93, 111, 121, 120, 115, 122, 124, 125, 130, 134, 131, 130, 126, 126, 128, 130, 129, 130, 130, 127, 126, 123, 118, 121, 119, 115, 116, 117, 119, 116, 114, 111, 99, 102, 102, 90, 88, 98, 107, 106, 118, 113, 105, 109, 124, 125, 131, 137, 140, 141, 140, 141, 142, 140, 137, 132, 127, 129, 126, 117, 107, 107, 117, 115, 104, 107, 85, 0, 0, 0, 0, 0, 0, 0, 0, 0, 0, 0, 0, 0, 0, 0, 0, 0, 0, 0, 0, 0, 0, 0, 0, 0, 0, 0, 0, 0, 0, 0, 0, 0, 33, 135, 133, 120, 103, 105, 123, 122, 117, 128, 133, 128, 135, 136, 136, 140, 144, 146, 149, 148, 151, 143, 147, 149, 151, 148, 141, 142, 144, 148, 147, 148, 155, 154, 151, 151, 155, 158, 162, 153, 155, 152, 154, 151, 148, 150, 146, 139, 139, 141, 142, 143, 142, 141, 138, 138, 138, 139, 137, 133, 135, 136, 135, 135, 132, 132, 140, 142, 143, 142, 140, 138, 135, 130, 130, 131, 129, 129, 129, 126, 123, 126, 127, 125, 125, 123, 115, 115, 114, 114, 113, 113, 99, 0, tres
0, 0, 0, 0, 0, 134, 144, 147, 153, 168, 184, 178, 171, 175, 187, 171, 165, 170, 166, 161, 162, 160, 159, 160, 162, 163, 162, 168, 166, 152, 131, 104, 79, 51, 30, 44, 55, 54, 38, 20, 27, 43, 56, 64, 70, 70, 71, 72, 71, 67, 64, 64, 65, 64, 64, 64, 66, 72, 76, 81, 81, 78, 76, 76, 77, 79, 83, 92, 97, 101, 104, 104, 106, 110, 113, 121, 130, 102, 69, 75, 75, 86, 97, 100, 99, 99, 98, 96, 91, 81, 72, 50, 97, 125, 120, 123, 124, 122, 125, 128, 130, 131, 137, 140, 139, 136, 133, 131, 131, 131, 132, 130, 129, 126, 125, 124, 125, 125, 124, 123, 122, 123, 125, 124, 119, 115, 105, 110, 136, 138, 119, 129, 146, 157, 159, 164, 161, 163, 167, 167, 164, 154, 149, 142, 140, 143, 143, 141, 137, 145, 147, 140, 137, 133, 129, 127, 122, 120, 118, 78, 0, 0, 0, 0, 0, 0, 0, 0, 0, 0, 0, 0, 0, 0, 0, 0, 0, 0, 0, 0, 0, 0, 0, 0, 0, 0, 0, 0, 0, 0, 0, 0, 0, 0, 0, 0, 0, 0, 0, 44, 138, 134, 140, 135, 135, 137, 135, 133, 134, 131, 133, 136, 135, 133, 136, 133, 131, 139, 144, 144, 143, 142, 149, 151, 148, 137, 123, 120, 122, 129, 131, 117, 111, 111, 121, 126, 124, 122, 121, 121, 121, 122, 122, 121, 120, 118, 116, 111, 107, 102, 100, 97, 96, 93, 88, 84, 74, 73, 72, 72, 73, 75, 72, 71, 70, 71, 73, 76, 79, 79, 78, 79, 79, 79, 77, 75, 75, 72, 79, 85, 84, 40, 0, 0, 0, 0, 0, 0, tres
